time,activityType,lapNumber,distance,speed,calories,lat,long,elevation,heartRate,cycles
0,0,1,5.44,3.57,0,50.778898,6.068943,210.2,,0
1,0,1,8.97,3.53,0,50.778869,6.068952,210.4,,2
2,0,1,12.51,3.54,0,50.778839,6.068963,210.5,,2
3,0,1,16.06,3.55,1,50.778809,6.068974,210.7,,1
4,0,1,19.69,3.63,1,50.778779,6.068986,210.9,,1
5,0,1,23.4,3.71,1,50.778749,6.068999,211.0,,0
6,0,1,27.14,3.74,1,50.778719,6.069012,211.2,,2
7,0,1,30.89,3.75,2,50.778688,6.069027,211.3,,1
8,0,1,34.65,3.76,2,50.778658,6.069041,211.4,,3
9,0,1,38.44,3.78,2,50.778627,6.069056,211.6,,1
10,0,1,42.22,3.78,2,50.778596,6.069072,211.7,,0
11,0,1,45.98,3.77,3,50.778566,6.069087,211.8,,2
12,0,1,49.74,3.76,3,50.778536,6.069103,212.0,,1
13,0,1,53.51,3.77,3,50.778505,6.069119,212.1,,1
14,0,1,57.29,3.78,3,50.778475,6.069135,212.2,,3
15,0,1,61.08,3.79,4,50.778445,6.069151,212.3,,3
16,0,1,64.87,3.78,4,50.778415,6.069166,212.4,,3
17,0,1,68.63,3.77,4,50.778386,6.069182,212.5,,3
18,0,1,72.35,3.72,4,50.778356,6.069197,212.6,,2
19,0,1,76.07,3.72,5,50.778327,6.069211,212.7,,3
20,0,1,79.79,3.72,5,50.778299,6.069225,212.8,,3
21,0,1,83.51,3.72,5,50.77827,6.069238,213.0,,2
22,0,1,87.23,3.72,5,50.778242,6.069251,213.2,,3
23,0,1,90.95,3.72,6,50.778215,6.069263,213.3,167,3
24,0,1,94.66,3.72,6,50.778188,6.069275,213.5,165,0
25,0,1,98.38,3.71,6,50.778161,6.069287,213.7,163,0
26,0,1,102.09,3.71,6,50.778135,6.0693,213.8,163,3
27,0,1,105.8,3.71,7,50.77811,6.069313,214.0,162,3
28,0,1,109.52,3.71,7,50.778085,6.069328,214.1,161,3
29,0,1,113.23,3.71,7,50.778061,6.069344,214.2,161,0
30,0,1,116.94,3.71,7,50.778038,6.069361,214.3,161,3
31,0,1,120.64,3.71,8,50.778015,6.069381,214.4,158,2
32,0,1,124.34,3.7,8,50.777994,6.069403,214.4,157,6
33,0,1,128.04,3.7,8,50.777973,6.069427,214.4,153,6
34,0,1,131.74,3.7,8,50.777954,6.069454,214.4,153,3
35,0,1,135.44,3.7,9,50.777936,6.069484,214.3,153,3
36,0,1,139.13,3.69,9,50.77792,6.069517,214.2,153,3
37,0,1,142.82,3.69,9,50.777905,6.069552,214.1,152,3
38,0,1,146.51,3.69,10,50.777892,6.069589,214.0,152,2
39,0,1,150.2,3.69,10,50.77788,6.069628,213.8,152,3
40,0,1,153.89,3.69,10,50.77787,6.069669,213.6,150,3
41,0,1,157.57,3.69,10,50.777862,6.06971,213.3,147,3
42,0,1,161.26,3.68,11,50.777856,6.069752,213.1,145,2
43,0,1,164.94,3.68,11,50.777851,6.069795,212.8,146,3
44,0,1,168.62,3.68,11,50.777849,6.069838,212.5,146,3
45,0,1,172.3,3.68,11,50.777849,6.069881,212.1,146,2
46,0,1,175.98,3.68,12,50.77785,6.069924,211.8,146,3
47,0,1,179.66,3.68,12,50.777854,6.069967,211.4,146,3
48,0,1,179.66,3.68,12,50.777859,6.070009,211.1,146,2
49,0,1,179.66,3.68,12,50.777866,6.07005,211.0,146,3
50,0,1,179.66,3.68,13,50.777876,6.07009,210.9,146,3
51,0,1,179.66,3.68,13,50.777887,6.07013,210.7,146,3
52,0,1,182.65,3.67,13,50.7779,6.070168,210.6,146,2
53,0,1,185.8,3.67,13,50.777915,6.070204,210.4,146,3
54,0,1,185.8,3.67,14,50.777933,6.070239,210.2,146,3
55,0,1,185.8,3.67,14,50.777952,6.070272,209.9,146,2
56,0,1,189.12,3.67,14,50.777973,6.070302,209.7,146,5
57,0,1,192.41,3.66,14,50.777995,6.07033,209.4,147,5
58,0,1,195.81,3.66,15,50.77802,6.070355,209.1,147,3
59,0,1,195.81,3.66,15,50.778046,6.070377,208.8,148,3
60,0,1,203.69,3.66,15,50.778073,6.070396,208.5,149,3
61,0,1,209.02,3.65,15,50.778102,6.07041,208.1,149,2
62,0,1,212.46,3.65,16,50.778133,6.07042,207.8,149,3
63,0,1,216.13,3.65,16,50.778164,6.070427,207.4,149,3
64,0,1,219.8,3.65,16,50.778197,6.07043,207.0,149,3
65,0,1,223.46,3.65,16,50.77823,6.070429,206.7,149,3
66,0,1,227.36,3.65,17,50.778265,6.070425,206.3,149,3
67,0,1,230.89,3.65,17,50.778299,6.070417,205.9,150,3
68,0,1,230.89,3.65,17,50.778334,6.070407,205.5,150,3
69,0,1,237.0,3.65,17,50.778369,6.070394,205.4,150,2
70,0,1,242.44,3.65,18,50.778404,6.070379,205.3,151,3
71,0,1,246.89,3.65,18,50.778439,6.070362,205.2,151,3
72,0,1,251.0,3.65,18,50.778474,6.070344,205.2,151,3
73,0,1,254.95,3.65,18,50.778509,6.070326,205.1,151,3
74,0,1,258.87,3.65,19,50.778543,6.070308,205.0,151,3
75,0,1,262.82,3.65,19,50.778577,6.070291,204.9,151,3
76,0,1,266.73,3.65,19,50.77861,6.070275,204.8,151,3
77,0,1,270.64,3.66,19,50.778643,6.07026,204.7,151,2
78,0,1,274.52,3.66,20,50.778676,6.070246,204.6,151,3
79,0,1,278.1,3.66,20,50.778708,6.070232,204.5,151,3
80,0,1,281.92,3.66,20,50.778741,6.070218,204.4,151,3
81,0,1,285.64,3.66,20,50.778773,6.070204,204.3,151,3
82,0,1,289.33,3.66,21,50.778804,6.07019,204.2,152,3
83,0,1,292.94,3.66,21,50.778836,6.070175,204.1,152,3
84,0,1,296.67,3.66,21,50.778868,6.07016,204.0,152,3
85,0,1,300.36,3.66,21,50.7789,6.070144,203.9,152,3
86,0,1,304.02,3.66,22,50.778931,6.070129,203.8,151,4
87,0,1,307.68,3.66,22,50.778963,6.070113,203.7,151,4
88,0,1,311.31,3.66,22,50.778994,6.070097,203.6,151,5
89,0,1,314.96,3.66,22,50.779025,6.070081,203.5,149,3
90,0,1,318.56,3.66,23,50.779055,6.070063,203.4,148,3
91,0,1,322.26,3.65,23,50.779085,6.070044,203.3,146,2
92,0,1,325.94,3.65,23,50.779114,6.070022,203.2,145,3
93,0,1,329.37,3.65,23,50.779141,6.069997,203.1,144,3
94,0,1,332.74,3.65,24,50.779167,6.069966,203.2,143,3
95,0,1,336.26,3.65,24,50.77919,6.06993,203.2,143,3
96,0,1,339.81,3.65,24,50.779211,6.069889,203.2,143,3
97,0,1,343.34,3.65,24,50.77923,6.069844,203.3,143,3
98,0,1,346.95,3.65,25,50.779246,6.069796,203.4,143,3
99,0,1,351.06,3.65,25,50.779259,6.069745,203.6,144,3
100,0,1,355.01,3.65,25,50.779269,6.069692,203.7,144,3
101,0,1,355.01,3.65,25,50.779277,6.069637,203.9,144,2
102,0,1,355.01,3.65,26,50.77928,6.069583,204.1,144,3
103,0,1,359.12,3.65,26,50.779281,6.069529,204.3,145,3
104,0,1,362.96,3.65,26,50.779279,6.069475,204.6,145,6
105,0,1,367.26,3.65,27,50.779273,6.069422,204.9,146,6
106,0,1,371.24,3.65,27,50.779264,6.06937,205.2,146,3
107,0,1,374.52,3.65,27,50.779253,6.069319,205.5,145,3
108,0,1,384.59,3.65,27,50.779238,6.069271,205.8,145,3
109,0,1,389.69,3.65,28,50.779221,6.069225,206.2,145,3
110,0,1,393.44,3.65,28,50.779202,6.069181,206.6,145,6
111,0,1,397.13,3.65,28,50.77918,6.06914,207.0,146,6
112,0,1,400.77,3.65,28,50.779156,6.069103,207.4,146,3
113,0,1,404.45,3.65,29,50.779131,6.06907,207.7,147,3
114,0,1,408.18,3.65,29,50.779104,6.06904,208.1,147,3
115,0,1,411.93,3.65,29,50.779076,6.069015,208.4,147,2
116,0,1,415.66,3.65,29,50.779046,6.068994,208.8,147,3
117,0,1,419.51,3.65,30,50.779015,6.068979,209.1,147,3
118,0,1,423.53,3.65,30,50.778981,6.068969,209.4,147,3
119,0,1,427.59,3.65,30,50.778946,6.068966,209.7,146,3
120,0,1,431.65,3.65,30,50.778909,6.068968,210.0,146,3
121,0,1,435.85,3.65,31,50.778869,6.068978,210.2,145,3
122,0,1,440.21,3.65,31,50.778826,6.068994,210.5,145,4
123,0,1,444.94,3.65,31,50.778781,6.069016,210.7,145,3
124,0,1,450.25,3.65,31,50.778734,6.069043,210.9,145,4
125,0,1,456.27,3.66,32,50.778685,6.069073,211.0,145,4
126,0,1,462.72,3.66,32,50.778633,6.069104,211.2,145,3
127,0,1,469.25,4.03,32,50.77858,6.069136,211.4,146,4
128,0,1,475.75,4.4,32,50.778525,6.069167,211.6,146,8
129,0,1,482.81,4.69,33,50.778469,6.069195,211.8,146,8
130,0,1,489.82,4.92,33,50.778412,6.069223,212.0,146,4
131,0,1,496.77,5.12,33,50.778354,6.06925,212.2,146,4
132,0,1,503.77,5.28,34,50.778297,6.069277,212.4,146,4
133,0,1,510.55,5.46,34,50.778241,6.069307,212.7,146,4
134,0,1,517.27,5.58,35,50.778187,6.06934,213.0,146,3
135,0,1,523.62,5.67,35,50.778135,6.069377,213.2,146,4
136,0,1,529.79,5.74,35,50.778086,6.069418,213.4,146,4
137,0,1,535.85,5.79,36,50.778041,6.069465,213.4,148,3
138,0,1,541.86,5.88,36,50.778,6.069517,213.4,148,4
139,0,1,548.09,5.9,37,50.777964,6.069575,213.3,148,4
140,0,1,553.94,5.9,37,50.777934,6.069639,213.1,149,4
141,0,1,559.55,5.9,37,50.77791,6.06971,212.8,149,3
142,0,1,565.1,5.9,38,50.777894,6.069788,212.4,149,4
143,0,1,570.76,5.91,38,50.777884,6.06987,211.9,149,3
144,0,1,576.61,5.93,39,50.777881,6.069954,211.2,147,4
145,0,1,582.6,5.96,39,50.777886,6.070037,210.8,147,4
146,0,1,588.65,5.96,40,50.777899,6.070116,210.6,147,3
147,0,1,594.39,5.95,40,50.77792,6.070189,210.3,147,3
148,0,1,599.88,5.95,40,50.777948,6.070252,210.0,147,4
149,0,1,605.49,5.95,41,50.777983,6.070306,209.6,147,4
150,0,1,611.22,5.95,41,50.778023,6.07035,209.1,147,3
151,0,1,616.83,5.95,42,50.778067,6.070384,208.6,147,4
152,0,1,622.06,5.95,42,50.778114,6.070407,208.0,147,3
153,0,1,627.06,5.95,43,50.778163,6.07042,207.4,147,4
154,0,1,632.47,5.95,43,50.778211,6.070422,206.9,147,3
155,0,1,637.97,5.95,43,50.778258,6.070413,206.4,147,4
156,0,1,643.04,5.95,44,50.778304,6.070396,205.9,147,3
157,0,1,648.51,5.9,44,50.77835,6.070372,205.5,147,4
158,0,1,654.02,5.85,45,50.778395,6.070344,205.4,148,4
159,0,1,654.02,5.81,45,50.77844,6.070314,205.3,148,3
160,0,1,662.76,5.75,46,50.778485,6.070285,205.2,148,3
161,0,1,669.74,5.71,46,50.778531,6.070258,205.1,149,4
162,0,1,675.0,5.69,46,50.778577,6.070234,204.9,149,3
163,0,1,680.68,5.7,47,50.778624,6.070211,204.8,149,4
164,0,1,686.6,5.68,47,50.778671,6.070189,204.6,149,1
165,0,1,692.23,5.68,48,50.778718,6.070167,204.5,149,4
166,0,1,697.82,5.67,48,50.778766,6.070146,204.4,149,3
167,0,1,703.41,5.65,48,50.778813,6.070124,204.2,149,3
168,0,1,708.92,5.65,49,50.77886,6.070101,204.1,149,4
169,0,1,714.52,5.67,49,50.778906,6.070078,203.9,149,3
170,0,1,720.17,5.65,50,50.778952,6.070055,203.8,149,4
171,0,1,725.32,5.62,50,50.778997,6.070035,203.6,149,3
172,0,1,730.26,5.55,50,50.77904,6.070018,203.5,149,3
173,0,1,734.93,5.5,51,50.779081,6.069997,203.3,149,3
174,0,1,739.64,5.46,51,50.779118,6.06997,203.3,149,3
175,0,1,744.56,5.42,52,50.779151,6.06993,203.4,150,3
176,0,1,749.44,5.37,52,50.779179,6.069879,203.5,150,4
177,0,1,754.25,5.37,53,50.779203,6.069821,203.6,151,3
178,0,1,759.06,5.37,53,50.779223,6.069758,203.8,151,4
179,0,1,764.04,5.37,53,50.779238,6.069693,204.0,151,3
180,0,1,769.02,5.36,54,50.77925,6.069629,204.1,151,3
181,0,1,773.93,5.36,54,50.779257,6.069567,204.4,152,3
182,0,1,778.25,5.36,55,50.77926,6.069512,204.6,152,3
183,0,1,781.88,5.36,55,50.77926,6.069462,204.8,149,2
184,0,1,785.21,5.36,55,50.779257,6.069418,205.0,149,3
185,0,1,788.3,4.98,56,50.779251,6.069378,205.3,147,4
186,0,1,791.1,4.69,56,50.779243,6.069342,205.5,139,4
187,0,1,791.1,4.43,56,50.779234,6.069311,205.7,137,3
188,0,1,791.1,4.24,56,50.779224,6.069282,205.9,135,2
189,0,1,793.57,3.97,57,50.779214,6.069257,206.1,134,2
190,0,1,796.04,3.66,57,50.779202,6.069233,206.4,131,3
191,0,1,801.94,3.37,57,50.77919,6.069212,206.6,130,3
192,0,1,804.47,3.21,57,50.779178,6.069191,206.8,129,2
193,0,1,806.55,3.04,58,50.779165,6.069172,207.0,128,2
194,0,1,808.61,2.9,58,50.779152,6.069152,207.2,125,3
195,0,1,810.61,2.8,58,50.779138,6.069132,207.4,123,3
196,0,1,812.69,2.73,58,50.779124,6.069112,207.6,122,2
197,0,1,814.78,2.69,59,50.77911,6.069092,207.8,122,3
198,0,1,816.95,2.66,59,50.779094,6.069073,208.0,121,2
199,0,1,819.17,2.63,59,50.779078,6.069056,208.2,121,3
200,0,1,821.45,2.62,59,50.779061,6.069041,208.4,120,2
201,0,1,823.87,2.63,59,50.779042,6.069028,208.6,119,3
202,0,1,826.47,2.61,59,50.779023,6.069017,208.8,119,2
203,0,1,828.75,2.57,60,50.779002,6.069009,209.0,119,3
204,0,1,830.57,2.55,60,50.778981,6.069004,209.2,119,3
205,0,1,832.72,2.53,60,50.77896,6.069,209.4,118,2
206,0,1,835.2,2.53,60,50.778938,6.068999,209.6,118,2
207,0,1,837.71,2.53,60,50.778917,6.069001,209.7,118,3
208,0,1,840.03,2.53,61,50.778896,6.069005,209.9,118,3
209,0,1,842.54,2.53,61,50.778875,6.069011,210.0,118,2
210,0,1,845.17,2.53,61,50.778855,6.069018,210.1,119,3
211,0,1,847.2,2.53,61,50.778834,6.069027,210.2,119,2
212,0,1,849.54,2.53,61,50.778813,6.069036,210.3,119,3
213,0,1,851.96,2.53,62,50.778792,6.069045,210.4,119,2
214,0,1,854.4,2.53,62,50.77877,6.069054,210.5,119,3
215,0,1,856.9,2.53,62,50.778748,6.069064,210.6,119,2
216,0,1,859.55,2.53,62,50.778725,6.069072,210.8,118,3
217,0,1,862.12,2.53,62,50.778703,6.069081,210.9,118,3
218,0,1,864.63,2.53,63,50.778681,6.06909,211.0,118,2
219,0,1,867.18,2.53,63,50.778659,6.069099,211.1,118,3
220,0,1,869.79,2.53,63,50.778637,6.069108,211.2,117,2
221,0,1,872.26,2.53,63,50.778616,6.069117,211.3,117,3
222,0,1,874.25,2.53,63,50.778596,6.069127,211.4,117,2
223,0,1,876.34,2.53,64,50.778575,6.069136,211.5,117,3
224,0,1,878.5,2.53,64,50.778555,6.069146,211.5,117,2
225,0,1,880.93,2.53,64,50.778534,6.069156,211.6,117,3
226,0,1,883.56,2.53,64,50.778513,6.069167,211.7,117,2
227,0,1,886.37,2.52,64,50.77849,6.069177,211.8,117,3
228,0,1,889.06,2.52,65,50.778467,6.069188,211.9,118,2
229,0,1,891.91,2.52,65,50.778443,6.069198,212.0,118,3
230,0,1,894.72,2.52,65,50.778418,6.069209,212.1,119,5
231,0,1,897.18,2.52,65,50.778393,6.06922,212.1,119,5
232,0,1,897.18,2.52,65,50.778369,6.069231,212.2,120,3
233,0,1,897.18,2.52,65,50.778344,6.069241,212.3,121,2
234,0,1,900.05,2.52,66,50.778321,6.069251,212.4,124,3
235,0,1,903.19,2.52,66,50.778298,6.069261,212.6,126,2
236,0,1,906.01,2.52,66,50.778276,6.06927,212.7,126,5
237,0,1,908.58,2.52,66,50.778255,6.06928,212.8,127,5
238,0,1,911.72,2.52,66,50.778234,6.069289,212.9,128,3
239,0,1,913.82,2.52,67,50.778213,6.069299,213.1,130,2
240,0,1,916.26,2.52,67,50.778192,6.06931,213.2,130,3
241,0,1,919.27,2.52,67,50.778171,6.06932,213.3,131,3
242,0,1,921.77,2.52,67,50.77815,6.069332,213.4,132,2
243,0,1,924.14,2.52,67,50.778129,6.069344,213.5,133,3
244,0,1,925.99,2.52,68,50.778108,6.069357,213.6,136,5
245,0,1,928.62,2.52,68,50.778087,6.069372,213.7,136,5
246,0,1,931.19,2.52,68,50.778067,6.069387,213.8,137,3
247,0,1,933.04,2.52,68,50.778047,6.069403,213.9,137,2
248,0,1,935.78,2.52,68,50.778028,6.069421,213.9,137,2
249,0,1,938.5,2.51,69,50.778009,6.06944,213.9,138,3
250,0,1,940.46,2.51,69,50.777991,6.06946,214.0,138,1
251,0,1,942.95,2.51,69,50.777973,6.069482,214.0,139,3
252,0,1,945.55,2.51,69,50.777957,6.069505,214.0,139,2
253,0,1,948.12,2.51,69,50.777942,6.06953,213.9,139,2
254,0,1,950.96,2.51,70,50.777928,6.069557,213.8,139,3
255,0,1,953.73,2.51,70,50.777915,6.069586,213.7,139,3
256,0,1,955.71,2.51,70,50.777903,6.069616,213.6,139,5
257,0,1,958.31,2.51,70,50.777893,6.069647,213.5,139,5
258,0,1,961.09,2.51,70,50.777884,6.069679,213.3,138,2
259,0,1,963.0,2.51,71,50.777876,6.069712,213.2,138,3
260,0,1,969.66,2.51,71,50.777869,6.069747,213.0,138,3
261,0,1,972.98,2.51,71,50.777864,6.069781,212.8,138,2
262,0,1,975.44,2.51,71,50.777861,6.069817,212.5,138,5
263,0,1,977.95,2.51,71,50.777859,6.069852,212.3,138,5
264,0,1,980.46,2.51,71,50.777859,6.069888,212.0,138,3
265,0,1,983.01,2.51,72,50.77786,6.069924,211.7,138,3
266,0,1,985.64,2.51,72,50.777862,6.06996,211.4,138,3
267,0,1,988.18,2.51,72,50.777867,6.069995,211.1,138,2
268,0,1,990.78,2.51,72,50.777873,6.07003,211.0,138,3
269,0,1,993.33,2.51,72,50.77788,6.070064,210.9,138,2
270,0,1,995.94,2.51,73,50.777889,6.070098,210.7,139,2
271,0,1,998.62,2.51,73,50.7779,6.07013,210.6,141,3
272,0,1,1001.28,2.51,73,50.777911,6.070161,210.5,144,2
273,0,1,1003.93,2.51,73,50.777924,6.07019,210.3,144,3
274,0,1,1006.43,2.51,73,50.777939,6.070218,210.1,147,6
275,0,1,1008.71,2.51,74,50.777954,6.070244,209.9,147,6
276,0,1,1010.91,2.51,74,50.777971,6.070268,209.7,147,3
277,0,1,1013.1,2.51,74,50.777988,6.070291,209.5,147,2
278,0,1,1015.53,2.51,74,50.778006,6.070312,209.3,147,3
279,0,1,1018.33,2.51,74,50.778025,6.070332,209.1,149,2
280,0,1,1021.0,2.51,75,50.778044,6.070349,208.9,149,3
281,0,1,1023.76,2.51,75,50.778064,6.070365,208.6,149,2
282,0,1,1026.51,2.51,75,50.778084,6.07038,208.4,150,3
283,0,1,1029.01,2.51,75,50.778104,6.070392,208.1,153,2
284,0,1,1031.12,2.51,75,50.778124,6.070402,207.9,153,3
285,0,1,1033.17,2.51,76,50.778145,6.070411,207.7,152,2
286,0,1,1035.35,2.51,76,50.778165,6.070416,207.4,152,3
287,0,1,1037.71,2.51,76,50.778186,6.07042,207.2,152,3
288,0,1,1040.08,2.5,76,50.778207,6.07042,206.9,152,2
289,0,1,1042.4,2.5,76,50.778227,6.070418,206.7,152,3
290,0,1,1044.75,2.5,77,50.778248,6.070415,206.5,152,2
291,0,1,1047.12,2.5,77,50.778268,6.070409,206.3,151,3
292,0,1,1047.12,2.5,77,50.778289,6.070403,206.0,151,2
293,0,1,1050.72,2.5,77,50.77831,6.070395,205.8,150,3
294,0,1,1054.05,2.5,77,50.778331,6.070387,205.6,149,3
295,0,1,1056.43,2.49,77,50.778351,6.070378,205.5,149,2
296,0,1,1058.86,2.49,78,50.778372,6.070368,205.4,149,3
297,0,1,1061.28,2.49,78,50.778393,6.070358,205.4,149,2
298,0,1,1063.57,2.49,78,50.778414,6.070348,205.3,149,3
299,0,1,1065.89,2.49,78,50.778435,6.070338,205.3,149,3
300,0,1,1068.36,2.49,78,50.778456,6.070327,205.2,150,5
301,0,1,1070.95,2.49,79,50.778477,6.070316,205.2,150,5
302,0,1,1073.46,2.49,79,50.778498,6.070305,205.1,150,3
303,0,1,1076.0,2.49,79,50.778519,6.070294,205.1,149,2
304,0,1,1078.45,2.49,79,50.77854,6.070284,205.0,149,3
305,0,1,1080.72,2.49,79,50.77856,6.070273,204.9,148,3
306,0,1,1082.99,2.49,80,50.778581,6.070262,204.9,148,2
307,0,1,1085.29,2.49,80,50.778602,6.070252,204.8,147,3
308,0,1,1087.63,2.49,80,50.778623,6.070242,204.8,147,4
309,0,1,1090.16,2.49,80,50.778644,6.070232,204.7,147,4
310,0,1,1092.58,2.49,80,50.778665,6.070223,204.6,147,2
311,0,1,1095.06,2.49,81,50.778686,6.070213,204.6,147,3
312,0,1,1097.58,2.49,81,50.778707,6.070204,204.5,147,3
313,0,1,1100.08,2.49,81,50.778728,6.070194,204.5,146,3
314,0,1,1102.49,2.49,81,50.778749,6.070185,204.4,146,2
315,0,1,1104.92,2.49,81,50.778771,6.070175,204.3,146,3
316,0,1,1107.51,2.49,82,50.778792,6.070165,204.3,146,3
317,0,1,1110.03,2.49,82,50.778814,6.070155,204.2,144,3
318,0,1,1112.41,2.49,82,50.778835,6.070145,204.1,143,2
319,0,1,1114.73,2.49,82,50.778857,6.070135,204.1,143,1
320,0,1,1117.35,2.48,82,50.778879,6.070124,204.0,143,2
321,0,1,1119.97,2.48,83,50.7789,6.070113,203.9,143,2
322,0,1,1122.56,2.48,83,50.778922,6.070102,203.8,143,4
323,0,1,1125.3,2.48,83,50.778944,6.07009,203.8,142,4
324,0,1,1127.9,2.48,83,50.778966,6.070077,203.7,142,1
325,0,1,1130.57,2.48,83,50.778987,6.070064,203.6,141,2
326,0,1,1133.14,2.49,83,50.779008,6.07005,203.6,139,3
327,0,1,1135.54,2.49,84,50.779028,6.070035,203.5,138,3
328,0,1,1138.16,2.49,84,50.779048,6.07002,203.4,137,2
329,0,1,1140.82,2.49,84,50.779068,6.070005,203.4,136,3
330,0,1,1140.82,2.49,84,50.779087,6.069991,203.3,135,3
331,0,1,1140.82,2.49,84,50.779107,6.069977,203.3,135,2
332,0,1,1143.39,2.49,85,50.779126,6.069964,203.3,135,3
333,0,1,1145.23,2.49,85,50.779146,6.069954,203.3,137,3
334,0,1,1147.6,2.48,85,50.779166,6.069944,203.3,138,2
335,0,1,1149.94,2.48,85,50.779184,6.069934,203.2,139,3
336,0,1,1152.34,2.48,85,50.779202,6.069921,203.2,139,2
337,0,1,1154.89,2.48,86,50.779218,6.069901,203.1,139,3
338,0,1,1157.25,2.48,86,50.77923,6.069873,203.2,139,2
339,0,1,1159.17,2.48,86,50.779241,6.069838,203.3,139,3
340,0,1,1162.08,2.48,86,50.779249,6.0698,203.4,139,3
341,0,1,1165.12,2.48,86,50.779255,6.069759,203.5,139,3
342,0,1,1166.45,2.48,87,50.779259,6.069716,203.7,139,2
343,0,1,1169.57,2.48,87,50.779262,6.069673,203.9,140,6
344,0,1,1172.7,2.48,87,50.779262,6.069629,204.1,142,6
345,0,1,1175.06,2.47,87,50.779261,6.069585,204.3,143,2
346,0,1,1183.59,2.61,87,50.779258,6.069542,204.5,142,3
347,0,1,1187.85,2.73,88,50.779253,6.069499,204.7,143,2
348,0,1,1191.07,2.79,88,50.779247,6.069457,204.9,143,3
349,0,1,1194.04,2.81,88,50.779238,6.069415,205.2,143,3
350,0,1,1197.01,2.84,88,50.779228,6.069375,205.5,143,2
351,0,1,1199.97,2.83,88,50.779217,6.069337,205.7,143,3
352,0,1,1202.78,2.84,89,50.779205,6.069299,206.0,143,3
353,0,1,1205.7,2.84,89,50.779191,6.069263,206.3,142,2
354,0,1,1208.6,2.86,89,50.779176,6.069229,206.6,142,3
355,0,1,1211.59,2.87,89,50.77916,6.069196,206.9,144,3
356,0,1,1214.61,2.89,89,50.779143,6.069164,207.2,145,2
357,0,1,1217.72,2.92,90,50.779126,6.069135,207.4,145,3
358,0,1,1220.89,2.93,90,50.779108,6.069108,207.7,144,2
359,0,1,1223.83,2.93,90,50.779089,6.069082,208.0,144,3
360,0,1,1226.62,2.91,90,50.77907,6.069059,208.2,144,3
361,0,1,1229.14,2.88,91,50.779049,6.069039,208.5,144,2
362,0,1,1231.45,2.83,91,50.779027,6.069023,208.8,145,2
363,0,1,1233.8,2.84,91,50.779001,6.069012,209.0,145,3
364,0,1,1236.71,2.85,91,50.778973,6.069005,209.3,145,1
365,0,1,1239.69,2.85,91,50.778947,6.069002,209.5,144,3
366,0,1,1242.56,2.84,92,50.778929,6.069001,209.6,144,3
367,0,1,1244.61,2.84,92,50.778921,6.068998,209.7,144,2
368,0,1,1244.79,2.84,92,50.778915,6.068995,209.8,144,3
369,0,1,1245.66,2.84,92,50.778902,6.068993,209.9,143,2
370,0,1,1247.5,2.83,92,50.778883,6.068996,210.0,143,3
371,0,1,1249.66,2.75,93,50.778862,6.069005,210.1,143,3
372,0,1,1252.24,2.71,93,50.77884,6.069016,210.2,143,5
373,0,1,1255.0,2.69,93,50.778818,6.069027,210.3,143,5
374,0,1,1257.8,2.69,93,50.778795,6.069037,210.4,143,2
375,0,1,1260.71,2.68,93,50.778772,6.069047,210.6,143,3
376,0,1,1263.52,2.67,94,50.77875,6.069057,210.7,143,3
377,0,1,1266.31,2.65,94,50.778726,6.069067,210.8,143,2
378,0,1,1268.92,2.63,94,50.778703,6.069077,210.9,145,3
379,0,1,1271.47,2.62,94,50.77868,6.069088,211.0,145,2
380,0,1,1274.06,2.61,94,50.778656,6.069099,211.1,144,3
381,0,1,1276.61,2.59,95,50.778632,6.06911,211.2,144,2
382,0,1,1279.13,2.58,95,50.778607,6.069121,211.3,144,3
383,0,1,1281.69,2.59,95,50.778583,6.069133,211.4,144,2
384,0,1,1284.31,2.59,95,50.778559,6.069145,211.5,145,3
385,0,1,1287.04,2.63,95,50.778534,6.069157,211.6,146,3
386,0,1,1289.99,2.66,96,50.77851,6.069169,211.7,145,2
387,0,1,1293.07,2.74,96,50.778486,6.069181,211.8,145,3
388,0,1,1296.37,2.77,96,50.778462,6.069193,211.9,145,3
389,0,1,1299.38,2.81,96,50.778438,6.069205,211.9,145,2
390,0,1,1302.27,2.8,96,50.778414,6.069216,212.0,145,3
391,0,1,1304.95,2.79,97,50.778391,6.069228,212.1,145,3
392,0,1,1307.57,2.79,97,50.778367,6.06924,212.2,147,2
393,0,1,1310.22,2.79,97,50.778344,6.069252,212.2,148,3
394,0,1,1313.05,2.79,97,50.77832,6.069263,212.3,147,2
395,0,1,1313.05,2.79,97,50.778297,6.069275,212.4,148,3
396,0,1,1313.05,2.79,98,50.778274,6.069287,212.6,148,3
397,0,1,1315.71,2.79,98,50.778251,6.069298,212.7,147,2
398,0,1,1318.45,2.79,98,50.778228,6.06931,212.8,147,3
399,0,1,1321.39,2.79,98,50.778205,6.069322,213.0,147,2
400,0,1,1324.3,2.79,99,50.778182,6.069333,213.1,147,3
401,0,1,1326.5,2.79,99,50.778159,6.069346,213.2,146,3
402,0,1,1329.62,2.79,99,50.778137,6.069358,213.3,147,2
403,0,1,1332.64,2.79,99,50.778115,6.069372,213.4,149,3
404,0,1,1334.72,2.79,99,50.778093,6.069387,213.5,149,3
405,0,1,1337.38,2.79,100,50.778071,6.069404,213.6,149,2
406,0,1,1340.22,2.79,100,50.77805,6.069423,213.7,149,2
407,0,1,1342.69,2.79,100,50.778029,6.069444,213.7,148,3
408,0,1,1345.36,2.79,100,50.778009,6.069467,213.7,147,3
409,0,1,1348.39,2.79,100,50.77799,6.069492,213.7,148,2
410,0,1,1350.73,2.79,101,50.777972,6.069519,213.7,148,3
411,0,1,1353.62,2.79,101,50.777955,6.069548,213.6,148,3
412,0,1,1356.53,2.79,101,50.77794,6.069578,213.6,147,2
413,0,1,1359.02,2.79,101,50.777926,6.06961,213.4,146,3
414,0,1,1361.73,2.79,101,50.777914,6.069644,213.3,146,2
415,0,1,1364.49,2.79,102,50.777904,6.069678,213.1,146,3
416,0,1,1367.09,2.79,102,50.777895,6.069713,213.0,145,3
417,0,1,1373.87,2.79,102,50.777888,6.06975,212.7,145,2
418,0,1,1377.11,2.78,102,50.777883,6.069787,212.5,145,1
419,0,1,1379.83,2.78,103,50.777879,6.069824,212.3,145,3
420,0,1,1382.67,2.78,103,50.777877,6.069862,212.0,145,2
421,0,1,1385.32,2.78,103,50.777876,6.0699,211.7,145,3
422,0,1,1388.01,2.78,103,50.777878,6.069937,211.4,145,3
423,0,1,1390.74,2.78,103,50.777881,6.069975,211.1,145,2
424,0,1,1393.45,2.78,104,50.777885,6.070012,210.8,145,2
425,0,1,1396.22,2.78,104,50.777892,6.070049,210.7,147,3
426,0,1,1399.02,2.78,104,50.7779,6.070085,210.6,147,3
427,0,1,1401.78,2.78,104,50.777909,6.07012,210.5,147,3
428,0,1,1404.4,2.78,104,50.77792,6.070154,210.4,147,2
429,0,1,1407.0,2.78,105,50.777933,6.070187,210.2,147,5
430,0,1,1409.54,2.78,105,50.777947,6.070218,210.0,147,3
431,0,1,1412.2,2.78,105,50.777962,6.070248,209.8,147,2
432,0,1,1415.03,2.78,105,50.777979,6.070276,209.6,147,3
433,0,1,1417.84,2.78,105,50.777997,6.070301,209.4,146,2
434,0,1,1420.49,2.78,106,50.778015,6.070325,209.2,146,3
435,0,1,1423.09,2.78,106,50.778035,6.070346,209.0,146,2
436,0,1,1425.6,2.78,106,50.778056,6.070365,208.7,146,3
437,0,1,1427.98,2.78,106,50.778077,6.070381,208.5,146,3
438,0,1,1430.5,2.78,107,50.778099,6.070394,208.2,146,3
439,0,1,1433.13,2.78,107,50.778122,6.070404,207.9,146,2
440,0,1,1435.81,2.77,107,50.778145,6.070411,207.7,146,3
441,0,1,1438.51,2.77,107,50.778169,6.070414,207.4,146,3
442,0,1,1441.27,2.77,107,50.778193,6.070415,207.1,146,2
443,0,1,1444.09,2.77,108,50.778218,6.070414,206.8,146,3
444,0,1,1446.96,2.77,108,50.778242,6.07041,206.5,145,2
445,0,1,1449.95,2.77,108,50.778267,6.070405,206.3,146,3
446,0,1,1449.95,2.77,108,50.778292,6.070398,206.0,145,3
447,0,1,1454.4,2.77,108,50.778316,6.070389,205.7,145,1
448,0,1,1458.39,2.77,109,50.778341,6.070379,205.5,145,2
449,0,1,1461.18,2.77,109,50.778365,6.070369,205.5,144,3
450,0,1,1463.87,2.77,109,50.778388,6.070358,205.4,144,3
451,0,1,1466.36,2.77,109,50.778411,6.070346,205.3,143,2
452,0,1,1468.98,2.77,109,50.778434,6.070335,205.3,143,3
453,0,1,1471.59,2.77,110,50.778456,6.070324,205.2,143,2
454,0,1,1474.01,2.77,110,50.778477,6.070313,205.2,146,3
455,0,1,1476.4,2.77,110,50.778498,6.070302,205.1,148,3
456,0,1,1478.94,2.77,110,50.778519,6.070291,205.1,149,2
457,0,1,1481.54,2.77,111,50.77854,6.07028,205.0,149,3
458,0,1,1484.08,2.77,111,50.778562,6.070269,204.9,150,3
459,0,1,1486.46,2.77,111,50.778584,6.070258,204.9,150,2
460,0,1,1488.9,2.77,111,50.778607,6.070246,204.8,150,3
461,0,1,1491.64,2.77,111,50.778631,6.070235,204.7,150,3
462,0,1,1494.59,2.77,112,50.778656,6.070223,204.7,150,3
463,0,1,1497.48,2.77,112,50.778681,6.070211,204.6,150,2
464,0,1,1500.53,2.77,112,50.778706,6.070199,204.5,151,3
465,0,1,1503.45,2.77,112,50.778732,6.070188,204.4,151,3
466,0,1,1506.34,2.77,112,50.778757,6.070176,204.4,151,2
467,0,1,1509.31,2.77,113,50.778783,6.070164,204.3,151,3
468,0,1,1512.33,2.77,113,50.778809,6.070153,204.2,151,3
469,0,1,1515.4,2.77,113,50.778834,6.070141,204.1,151,2
470,0,1,1518.55,2.77,113,50.77886,6.070129,204.0,151,3
471,0,1,1521.49,2.77,114,50.778885,6.070117,204.0,151,3
472,0,1,1524.16,2.77,114,50.778911,6.070105,203.9,151,2
473,0,1,1526.78,2.77,114,50.778936,6.070092,203.8,150,3
474,0,1,1529.74,2.77,114,50.778961,6.070079,203.7,149,2
475,0,1,1532.78,2.77,114,50.778986,6.070066,203.6,150,3
476,0,1,1535.83,2.77,115,50.77901,6.070052,203.6,151,3
477,0,1,1538.88,2.77,115,50.779034,6.070037,203.5,151,2
478,0,1,1541.77,2.77,115,50.779057,6.070022,203.4,151,3
479,0,1,1544.6,2.77,115,50.77908,6.070006,203.3,151,3
480,0,1,1547.39,2.77,115,50.779103,6.069988,203.3,150,3
481,0,1,1550.34,2.77,116,50.779124,6.069967,203.3,150,2
482,0,1,1553.28,2.77,116,50.779145,6.06994,203.4,150,3
483,0,1,1553.28,2.77,116,50.779164,6.069909,203.4,150,2
484,0,1,1553.28,2.77,116,50.779182,6.069872,203.5,150,3
485,0,1,1556.76,2.77,116,50.779198,6.069834,203.6,149,3
486,0,1,1558.95,2.77,117,50.779213,6.069794,203.7,149,3
487,0,1,1562.32,2.77,117,50.779226,6.069754,203.8,149,2
488,0,1,1565.6,2.77,117,50.779238,6.069713,203.9,149,3
489,0,1,1568.53,2.78,117,50.779247,6.069671,204.0,149,3
490,0,1,1571.65,2.78,118,50.779254,6.069629,204.1,149,2
491,0,1,1574.69,2.78,118,50.779259,6.069587,204.3,149,3
492,0,1,1577.86,2.78,118,50.779261,6.069544,204.4,150,3
493,0,1,1585.92,2.78,118,50.77926,6.0695,204.6,152,2
494,0,1,1589.97,2.78,118,50.779257,6.069457,204.9,154,3
495,0,1,1593.1,2.78,119,50.779251,6.069413,205.1,156,3
496,0,1,1596.28,2.78,119,50.779242,6.069371,205.4,156,3
497,0,1,1599.42,2.79,119,50.779231,6.069329,205.6,156,2
498,0,1,1602.51,2.79,119,50.779218,6.069288,206.0,156,3
499,0,1,1605.66,2.79,119,50.779203,6.069249,206.3,156,3
500,0,1,1608.86,2.8,120,50.779186,6.069212,206.6,155,3
501,0,1,1612.21,2.8,120,50.779166,6.069177,207.0,155,2
502,0,1,1615.52,2.81,120,50.779145,6.069145,207.3,156,3
503,0,1,1618.77,2.81,120,50.779123,6.069115,207.6,157,3
504,0,1,1621.9,2.82,120,50.779099,6.069089,207.9,157,3
505,0,1,1624.99,2.82,121,50.779073,6.069067,208.2,157,2
506,0,1,1628.23,2.83,121,50.779046,6.069048,208.5,157,3
507,0,1,1631.4,2.83,121,50.779018,6.069034,208.8,156,3
508,0,1,1634.58,2.84,121,50.778989,6.069023,209.0,156,3
509,0,1,1637.9,2.84,122,50.778959,6.069016,209.3,156,3
510,0,1,1641.27,2.85,122,50.778929,6.069012,209.6,156,2
511,0,1,1644.74,2.85,122,50.778899,6.069012,209.8,156,3
512,0,1,1648.3,2.86,122,50.778869,6.069016,210.0,156,3
513,0,1,1651.86,2.86,122,50.778839,6.069022,210.2,156,3
514,0,1,1655.37,2.87,123,50.778809,6.069032,210.4,156,3
515,0,1,1658.76,2.88,123,50.77878,6.069043,210.5,155,3
516,0,1,1662.09,2.88,123,50.778751,6.069056,210.7,153,2
517,0,1,1665.34,2.89,123,50.778722,6.06907,210.8,152,6
518,0,1,1668.52,2.89,123,50.778693,6.069084,210.9,152,6
519,0,1,1671.78,2.9,124,50.778664,6.069097,211.1,151,3
520,0,1,1675.25,2.9,124,50.778635,6.06911,211.2,151,2
521,0,1,1678.61,2.91,124,50.778607,6.069123,211.3,152,3
522,0,1,1681.83,2.91,124,50.778578,6.069136,211.4,154,3
523,0,1,1685.2,2.91,124,50.778549,6.069149,211.6,155,3
524,0,1,1688.56,2.92,125,50.77852,6.069162,211.7,155,3
525,0,1,1691.85,2.92,125,50.778491,6.069175,211.8,155,3
526,0,1,1695.19,2.93,125,50.778462,6.069189,211.9,155,2
527,0,1,1698.5,2.93,125,50.778432,6.069204,212.0,155,3
528,0,1,1701.96,2.94,126,50.778403,6.069218,212.1,156,3
529,0,1,1705.35,2.94,126,50.778375,6.069232,212.2,155,3
530,0,1,1708.72,2.94,126,50.778348,6.069246,212.2,155,3
531,0,1,1711.86,2.95,126,50.778321,6.069259,212.3,155,2
532,0,1,1714.88,2.95,126,50.778293,6.069271,212.5,154,3
533,0,1,1718.07,2.95,127,50.778265,6.069284,212.7,154,3
534,0,1,1721.34,2.96,127,50.778236,6.069296,212.9,154,3
535,0,1,1724.72,2.96,127,50.778207,6.069309,213.0,155,2
536,0,1,1728.34,3.16,127,50.778178,6.069323,213.2,157,4
537,0,1,1732.12,3.31,127,50.778148,6.069338,213.4,158,2
538,0,1,1732.12,3.42,128,50.778118,6.069355,213.5,160,3
539,0,1,1732.12,3.47,128,50.778088,6.069375,213.7,160,3
540,0,1,1735.79,3.5,128,50.778058,6.069397,213.8,160,3
541,0,1,1738.74,3.54,128,50.778029,6.069422,213.9,161,3
542,0,1,1742.78,3.61,129,50.778001,6.06945,213.9,161,3
543,0,1,1746.88,3.68,129,50.777975,6.069482,214.0,161,2
544,0,1,1749.47,3.75,129,50.777951,6.069517,213.9,162,3
545,0,1,1753.5,3.79,129,50.777931,6.069557,213.8,164,3
546,0,1,1757.42,3.8,130,50.777913,6.069601,213.6,164,3
547,0,1,1760.42,3.83,130,50.777899,6.069648,213.4,164,3
548,0,1,1764.59,3.87,130,50.777889,6.069698,213.1,165,3
549,0,1,1770.76,3.91,131,50.77788,6.069749,212.8,165,3
550,0,1,1778.35,3.92,131,50.777875,6.069802,212.5,165,3
551,0,1,1782.71,3.92,131,50.777872,6.069854,212.1,165,2
552,0,1,1786.39,3.91,131,50.777871,6.069905,211.7,165,4
553,0,1,1790.02,3.89,132,50.777872,6.069955,211.3,165,3
554,0,1,1793.61,3.86,132,50.777875,6.070003,210.9,165,3
555,0,1,1797.03,3.83,132,50.777881,6.070049,210.9,166,2
556,0,1,1800.43,3.81,132,50.77789,6.070094,210.7,167,3
557,0,1,1803.83,3.81,133,50.777902,6.070138,210.6,167,3
558,0,1,1807.15,3.81,133,50.777918,6.07018,210.4,167,3
559,0,1,1810.6,3.81,133,50.777937,6.070221,210.1,168,3
560,0,1,1814.38,3.81,133,50.77796,6.07026,209.9,168,3
561,0,1,1818.49,3.81,134,50.777987,6.070296,209.5,168,3
562,0,1,1822.62,3.81,134,50.778015,6.070328,209.2,168,3
563,0,1,1826.59,3.81,134,50.778046,6.070355,208.8,169,2
564,0,1,1830.88,3.81,134,50.778078,6.070377,208.4,169,4
565,0,1,1835.21,3.81,135,50.778111,6.070392,208.1,170,2
566,0,1,1839.02,3.81,135,50.778145,6.0704,207.7,171,3
567,0,1,1842.65,3.81,135,50.77818,6.070402,207.3,171,3
568,0,1,1846.41,3.81,135,50.778214,6.070398,206.9,171,3
569,0,1,1850.35,3.81,136,50.778248,6.070391,206.5,172,3
570,0,1,1854.09,3.81,136,50.778282,6.070381,206.1,172,3
571,0,1,1854.09,3.81,136,50.778316,6.07037,205.8,172,3
572,0,1,1859.95,3.81,136,50.778348,6.070358,205.5,172,3
573,0,1,1864.45,3.81,137,50.778381,6.070345,205.4,172,3
574,0,1,1868.02,3.81,137,50.778412,6.070332,205.4,172,3
575,0,1,1871.72,3.81,137,50.778443,6.07032,205.3,172,3
576,0,1,1875.42,3.81,137,50.778474,6.070306,205.2,172,2
577,0,1,1879.02,3.81,138,50.778504,6.070293,205.1,172,3
578,0,1,1882.68,3.81,138,50.778534,6.070279,205.0,172,3
579,0,1,1886.2,3.81,138,50.778564,6.070265,204.9,172,3
580,0,1,1889.69,3.8,138,50.778594,6.070251,204.9,172,3
581,0,1,1893.07,3.8,139,50.778624,6.070237,204.8,172,3
582,0,1,1896.43,3.8,139,50.778654,6.070222,204.7,172,3
583,0,1,1899.91,3.8,139,50.778685,6.070208,204.6,172,3
584,0,1,1903.37,3.8,139,50.778715,6.070193,204.5,175,2
585,0,1,1906.78,3.8,140,50.778746,6.070178,204.4,175,3
586,0,1,1910.25,3.8,140,50.778777,6.070163,204.3,176,3
587,0,1,1913.85,3.8,140,50.778808,6.070149,204.2,176,3
588,0,1,1917.54,3.8,140,50.77884,6.070134,204.1,177,3
589,0,1,1921.15,3.8,141,50.778871,6.07012,204.0,177,3
590,0,1,1924.67,3.8,141,50.778902,6.070106,203.9,178,3
591,0,1,1928.25,3.79,141,50.778933,6.070092,203.8,178,3
592,0,1,1931.81,3.79,141,50.778964,6.070079,203.7,178,3
593,0,1,1935.3,3.79,142,50.778994,6.070066,203.6,179,3
594,0,1,1938.9,3.79,142,50.779024,6.070052,203.5,179,2
595,0,1,1942.4,3.79,142,50.779053,6.070035,203.4,179,3
596,0,1,1945.79,3.79,142,50.77908,6.070015,203.3,179,3
597,0,1,1949.2,3.79,143,50.779107,6.069992,203.3,179,3
598,0,1,1952.64,3.79,143,50.779133,6.069964,203.3,179,2
599,0,1,1955.99,3.78,143,50.779156,6.06993,203.4,179,3
600,0,1,1959.36,3.78,144,50.779178,6.069891,203.4,180,3
601,0,1,1962.89,3.78,144,50.779198,6.069845,203.5,179,3
602,0,1,1967.75,3.78,144,50.779215,6.069792,203.7,178,3
603,0,1,1973.02,3.78,144,50.779228,6.069732,203.8,176,3
604,0,1,1973.02,3.78,145,50.779238,6.069665,204.1,176,4
605,0,1,1973.02,3.78,145,50.779244,6.06959,204.4,176,4
606,0,1,1979.0,3.75,145,50.779245,6.069508,204.7,175,3
607,0,1,1981.84,4.1,145,50.779241,6.069423,205.1,175,4
608,0,1,1987.46,4.31,146,50.779231,6.06934,205.6,175,3
609,0,1,1992.86,4.44,146,50.779215,6.069265,206.1,175,4
610,0,1,1998.2,4.59,146,50.779192,6.069197,206.6,176,4
611,0,1,2012.46,4.73,146,50.779161,6.069138,207.2,178,3
612,0,1,2019.79,4.91,147,50.779121,6.069087,207.7,179,4
613,0,1,2025.77,5.05,147,50.779075,6.069046,208.3,179,3
614,0,1,2031.85,5.12,147,50.779025,6.069018,208.8,179,4
615,0,1,2037.9,5.18,148,50.778975,6.069003,209.3,179,4
616,0,1,2043.5,5.25,148,50.778925,6.069002,209.6,179,3
617,0,1,2049.07,5.3,149,50.778877,6.069014,209.9,181,4
618,0,1,2054.74,5.34,149,50.778829,6.069033,210.2,181,3
619,0,1,2060.4,5.37,149,50.778781,6.069056,210.4,182,4
620,0,1,2066.03,5.43,150,50.778732,6.069083,210.6,183,4
621,0,1,2072.05,5.5,150,50.778683,6.06911,210.8,183,4
622,0,1,2078.15,5.54,150,50.778633,6.069139,211.0,183,3
623,0,1,2083.98,5.58,151,50.778584,6.069166,211.2,183,4
624,0,1,2089.89,5.61,151,50.778535,6.069192,211.4,184,3
625,0,1,2095.68,5.64,152,50.778486,6.069216,211.5,184,4
626,0,1,2101.43,5.66,152,50.778437,6.069238,211.7,184,4
627,0,1,2107.02,5.66,153,50.77839,6.069258,211.8,184,3
628,0,1,2112.55,5.66,153,50.778343,6.069278,212.0,184,2
629,0,1,2117.94,5.66,153,50.778297,6.069298,212.3,184,3
630,0,1,2123.54,5.66,154,50.778252,6.069319,212.5,184,4
631,0,1,2128.86,5.66,154,50.778209,6.069342,212.8,184,3
632,0,1,2133.9,5.66,155,50.778167,6.069367,213.0,185,4
633,0,1,2138.72,5.66,155,50.778126,6.069395,213.1,188,3
634,0,1,2143.41,5.66,155,50.778088,6.069427,213.3,194,4
635,0,1,2148.2,5.66,156,50.778051,6.069463,213.3,200,3
636,0,1,2153.02,5.66,156,50.778017,6.069505,213.3,200,4
637,0,1,2158.03,5.66,157,50.777984,6.069552,213.3,200,3
638,0,1,2163.37,5.65,157,50.777955,6.069606,213.2,200,3
639,0,1,2168.61,5.65,157,50.777928,6.069666,213.0,200,3
640,0,1,2173.96,5.65,158,50.777906,6.06973,212.7,201,4
641,0,1,2179.18,5.65,158,50.777889,6.069798,212.4,201,3
642,0,1,2184.42,5.65,159,50.777878,6.069867,211.9,201,4
643,0,1,2189.62,5.65,159,50.777874,6.069939,211.4,201,3
644,0,1,2194.83,5.65,159,50.777878,6.07001,210.9,200,3
645,0,1,2199.98,5.65,160,50.77789,6.07008,210.7,201,4
646,0,1,2205.29,5.65,160,50.777909,6.070148,210.5,201,3
647,0,1,2210.95,5.65,161,50.777935,6.070212,210.2,201,3
648,0,1,2216.49,5.65,161,50.777967,6.070269,209.8,201,4
649,0,1,2221.62,5.65,162,50.778003,6.070318,209.3,200,3
650,0,1,2226.73,5.65,162,50.778043,6.070358,208.9,200,3
651,0,1,2232.14,5.65,162,50.778085,6.070386,208.4,199,4
652,0,1,2237.52,5.65,163,50.778129,6.070402,207.8,199,2
653,0,1,2242.46,5.65,163,50.778174,6.070406,207.3,199,4
654,0,1,2247.44,5.65,164,50.778219,6.070402,206.8,199,4
655,0,1,2252.45,5.64,164,50.778265,6.07039,206.3,199,3
656,0,1,2257.62,5.64,164,50.778311,6.070373,205.8,199,3
657,0,1,2262.78,5.64,165,50.778356,6.070353,205.5,198,3
658,0,1,2262.78,5.64,165,50.7784,6.070332,205.4,197,3
659,0,1,2270.91,5.64,166,50.778443,6.070311,205.3,196,4
660,0,1,2277.39,5.64,166,50.778484,6.070292,205.2,196,3
661,0,1,2281.85,5.64,166,50.77852,6.070275,205.1,196,2
662,0,1,2285.95,5.63,167,50.778552,6.070261,205.0,196,3
663,0,1,2289.8,5.59,167,50.778581,6.070248,204.9,195,3
664,0,1,2292.89,4.99,168,50.778607,6.070237,204.8,195,2
665,0,1,2295.68,4.54,168,50.778631,6.070226,204.8,195,3
666,0,1,2298.17,4.16,168,50.778655,6.070214,204.7,194,2
667,0,1,2300.52,3.91,168,50.778677,6.070203,204.6,191,3
668,0,1,2302.88,3.71,169,50.778699,6.070192,204.6,185,3
669,0,1,2305.27,3.5,169,50.77872,6.07018,204.5,184,2
670,0,1,2307.58,3.38,169,50.778741,6.070169,204.4,183,3
671,0,1,2310.13,3.28,169,50.778761,6.070158,204.4,183,2
672,0,1,2312.63,3.14,170,50.778781,6.070148,204.3,183,3
673,0,1,2314.87,3.03,170,50.778801,6.070137,204.2,182,2
674,0,1,2317.15,2.95,170,50.77882,6.070127,204.2,181,3
675,0,1,2319.51,2.87,170,50.77884,6.070117,204.1,180,2
676,0,1,2321.76,2.8,171,50.77886,6.070107,204.1,179,3
677,0,1,2324.07,2.78,171,50.77888,6.070098,204.0,175,2
678,0,1,2326.63,2.76,171,50.778901,6.070089,203.9,173,3
679,0,1,2329.03,2.71,171,50.778922,6.07008,203.9,172,2
680,0,1,2331.29,2.69,171,50.778943,6.070071,203.8,172,3
681,0,1,2333.7,2.68,172,50.778964,6.070062,203.7,171,3
682,0,1,2336.16,2.68,172,50.778985,6.070053,203.6,171,2
683,0,1,2338.63,2.66,172,50.779006,6.070043,203.6,170,3
684,0,1,2341.06,2.66,172,50.779027,6.070032,203.5,169,2
685,0,1,2343.5,2.66,172,50.779048,6.070021,203.4,168,3
686,0,1,2345.97,2.66,173,50.779069,6.070008,203.4,168,2
687,0,1,2348.42,2.66,173,50.779088,6.069994,203.3,167,6
688,0,1,2350.97,2.66,173,50.779108,6.069978,203.3,166,6
689,0,1,2353.55,2.66,173,50.779126,6.06996,203.3,158,3
690,0,1,2356.03,2.66,173,50.779144,6.069941,203.4,157,2
691,0,1,2358.58,2.66,174,50.779161,6.069919,203.4,157,2
692,0,1,2361.08,2.66,174,50.779177,6.069895,203.4,157,3
693,0,1,2361.08,2.66,174,50.779192,6.069869,203.5,157,2
694,0,1,2361.08,2.66,174,50.779205,6.069841,203.5,158,3
695,0,1,2363.4,2.66,174,50.779217,6.069811,203.6,158,3
696,0,1,2365.54,2.66,174,50.779228,6.069778,203.6,157,2
697,0,1,2368.15,2.66,175,50.779237,6.069744,203.7,157,3
698,0,1,2371.04,2.66,175,50.779244,6.069706,203.8,157,2
699,0,1,2372.94,2.66,175,50.779249,6.069667,204.0,157,3
700,0,1,2375.68,2.66,175,50.779252,6.069627,204.1,156,3
701,0,1,2378.64,2.66,175,50.779254,6.069585,204.3,156,2
702,0,1,2381.57,2.66,176,50.779253,6.069543,204.5,157,3
703,0,1,2389.42,2.66,176,50.779251,6.069501,204.7,157,2
704,0,1,2393.43,2.66,176,50.779247,6.069459,204.9,157,3
705,0,1,2396.35,2.66,176,50.779241,6.069418,205.2,157,3
706,0,1,2399.16,2.66,176,50.779234,6.069377,205.4,157,3
707,0,1,2401.96,2.66,177,50.779224,6.069338,205.7,157,2
708,0,1,2404.82,2.66,177,50.779213,6.0693,205.9,157,3
709,0,1,2407.72,2.66,177,50.779201,6.069263,206.2,157,3
710,0,1,2410.69,2.66,177,50.779187,6.069228,206.5,157,2
711,0,1,2413.72,2.66,177,50.779172,6.069194,206.8,157,3
712,0,1,2416.66,2.66,178,50.779155,6.069163,207.1,157,3
713,0,1,2419.49,2.66,178,50.779137,6.069134,207.4,157,3
714,0,1,2422.29,2.66,178,50.779118,6.069107,207.6,159,2
715,0,1,2425.07,2.66,178,50.779098,6.069082,207.9,159,3
716,0,1,2427.81,2.66,178,50.779077,6.06906,208.2,160,2
717,0,1,2430.61,2.66,179,50.779056,6.069041,208.4,160,3
718,0,1,2433.18,2.66,179,50.779033,6.069025,208.7,160,3
719,0,1,2435.84,2.66,179,50.77901,6.069012,208.9,160,2
720,0,1,2438.81,2.66,179,50.778986,6.069002,209.2,160,3
721,0,1,2441.67,2.66,179,50.778962,6.068996,209.4,159,3
722,0,1,2444.4,2.66,180,50.778937,6.068992,209.6,159,2
723,0,1,2447.16,2.66,180,50.778912,6.068992,209.8,159,3
724,0,1,2449.95,2.66,180,50.778887,6.068995,210.0,159,3
725,0,1,2452.73,2.66,180,50.778862,6.069001,210.1,162,2
726,0,1,2455.73,2.66,180,50.778836,6.06901,210.3,162,3
727,0,1,2458.77,2.66,180,50.778811,6.069022,210.4,163,3
728,0,1,2461.45,2.66,181,50.778785,6.069034,210.5,164,2
729,0,1,2464.33,2.66,181,50.77876,6.069048,210.6,164,3
730,0,1,2467.19,2.66,181,50.778734,6.069061,210.8,164,3
731,0,1,2470.2,2.66,181,50.778709,6.069075,210.9,164,2
732,0,1,2473.42,2.66,181,50.778683,6.069088,211.0,165,3
733,0,1,2476.59,2.66,182,50.778657,6.069101,211.1,165,2
734,0,1,2479.41,2.66,182,50.778631,6.069113,211.2,166,1
735,0,1,2482.39,2.66,182,50.778605,6.069126,211.3,166,3
736,0,1,2485.48,2.66,182,50.778579,6.069138,211.4,166,3
737,0,1,2488.63,2.66,182,50.778553,6.06915,211.5,166,3
738,0,1,2491.78,2.67,183,50.778528,6.069162,211.6,166,3
739,0,1,2494.77,2.74,183,50.778503,6.069173,211.7,166,2
740,0,1,2497.74,2.79,183,50.778478,6.069185,211.8,166,3
741,0,1,2500.51,2.8,183,50.778453,6.069197,211.9,166,3
742,0,1,2503.13,2.83,183,50.778428,6.069208,212.0,166,2
743,0,1,2505.81,2.85,184,50.778404,6.06922,212.1,165,3
744,0,1,2508.67,2.86,184,50.77838,6.069232,212.1,164,3
745,0,1,2511.34,2.86,184,50.778357,6.069244,212.2,164,2
746,0,1,2513.96,2.85,184,50.778334,6.069256,212.2,163,3
747,0,1,2516.58,2.85,185,50.778311,6.069267,212.4,163,3
748,0,1,2519.56,2.86,185,50.778289,6.069279,212.5,163,2
749,0,1,2522.58,2.89,185,50.778267,6.069289,212.6,163,3
750,0,1,2522.58,2.91,185,50.778245,6.069299,212.8,163,5
751,0,1,2522.58,2.94,185,50.778223,6.069309,212.9,162,5
752,0,1,2525.62,2.95,186,50.778202,6.069318,213.0,162,3
753,0,1,2527.0,2.93,186,50.778181,6.069328,213.1,162,3
754,0,1,2529.8,2.91,186,50.77816,6.069338,213.3,164,2
755,0,1,2532.49,2.88,186,50.778138,6.06935,213.4,165,3
756,0,1,2534.8,2.85,186,50.778117,6.069364,213.5,165,3
757,0,1,2537.76,2.87,187,50.778096,6.06938,213.6,165,2
758,0,1,2540.65,2.87,187,50.778075,6.069399,213.6,165,3
759,0,1,2542.32,2.87,187,50.778054,6.069421,213.6,164,3
760,0,1,2545.29,2.87,187,50.778033,6.069444,213.7,164,2
761,0,1,2548.41,2.87,187,50.778013,6.06947,213.7,164,3
762,0,1,2550.32,2.87,188,50.777994,6.069497,213.6,164,3
763,0,1,2553.84,2.87,188,50.777975,6.069525,213.6,164,2
764,0,1,2557.07,2.87,188,50.777959,6.069553,213.6,164,3
765,0,1,2558.9,2.87,188,50.777943,6.069582,213.5,165,3
766,0,1,2561.72,2.87,189,50.77793,6.069612,213.4,165,2
767,0,1,2564.44,2.87,189,50.777918,6.069642,213.3,164,3
768,0,1,2567.2,2.87,189,50.777908,6.069674,213.1,164,5
769,0,1,2569.97,2.87,189,50.777899,6.069707,213.0,164,5
770,0,1,2572.58,2.87,189,50.777892,6.069743,212.8,164,3
771,0,1,2574.67,2.87,190,50.777886,6.06978,212.5,164,3
772,0,1,2581.3,2.87,190,50.777883,6.069819,212.3,164,2
773,0,1,2584.92,2.87,190,50.77788,6.069859,212.0,164,3
774,0,1,2587.77,2.87,190,50.77788,6.069899,211.7,164,3
775,0,1,2590.8,2.87,190,50.777882,6.06994,211.3,163,2
776,0,1,2593.78,2.87,191,50.777885,6.06998,211.0,162,3
777,0,1,2596.55,2.87,191,50.77789,6.07002,210.8,161,3
778,0,1,2599.29,2.87,191,50.777897,6.070057,210.7,161,3
779,0,1,2601.83,2.87,191,50.777906,6.070093,210.6,160,2
780,0,1,2604.25,2.87,191,50.777917,6.070128,210.4,160,3
781,0,1,2606.67,2.87,192,50.777928,6.07016,210.3,159,2
782,0,1,2609.27,2.87,192,50.777941,6.070191,210.1,159,6
783,0,1,2612.14,2.87,192,50.777955,6.070219,209.9,159,6
784,0,1,2614.88,2.87,192,50.77797,6.070245,209.8,159,3
785,0,1,2617.59,2.87,193,50.777985,6.07027,209.6,159,2
786,0,1,2620.07,2.86,193,50.778002,6.070292,209.4,158,3
787,0,1,2622.43,2.86,193,50.778019,6.070313,209.2,158,2
788,0,1,2624.84,2.86,193,50.778037,6.070332,208.9,159,3
789,0,1,2627.26,2.86,193,50.778057,6.070351,208.7,159,2
790,0,1,2629.62,2.86,194,50.778077,6.070368,208.5,159,3
791,0,1,2632.13,2.86,194,50.778099,6.070384,208.2,159,3
792,0,1,2634.69,2.86,194,50.778121,6.0704,207.9,159,2
793,0,1,2637.35,2.86,194,50.778144,6.070413,207.7,160,3
794,0,1,2640.05,2.85,194,50.778167,6.070423,207.4,161,2
795,0,1,2642.83,2.85,195,50.778191,6.07043,207.1,161,3
796,0,1,2645.7,2.85,195,50.778215,6.070434,206.8,161,3
797,0,1,2648.59,2.85,195,50.778239,6.070433,206.6,161,2
798,0,1,2651.46,2.85,195,50.778263,6.070428,206.3,161,3
799,0,1,2654.22,2.85,195,50.778287,6.07042,206.0,160,3
800,0,1,2654.22,2.85,196,50.77831,6.07041,205.8,160,5
801,0,1,2658.62,2.85,196,50.778334,6.070398,205.5,160,5
802,0,1,2662.2,2.85,196,50.778357,6.070385,205.5,159,2
803,0,1,2664.83,2.85,196,50.77838,6.070372,205.4,158,3
804,0,1,2667.56,2.85,197,50.778403,6.070359,205.4,158,3
805,0,1,2670.36,2.85,197,50.778426,6.070347,205.3,159,2
806,0,1,2673.07,2.85,197,50.778448,6.070335,205.2,159,3
807,0,1,2675.77,2.84,197,50.778471,6.070324,205.2,159,3
808,0,1,2678.51,2.84,197,50.778493,6.070313,205.1,160,2
809,0,1,2681.11,2.84,198,50.778515,6.070301,205.1,160,3
810,0,1,2683.6,2.84,198,50.778537,6.07029,205.0,163,3
811,0,1,2686.06,2.84,198,50.778558,6.070279,204.9,163,2
812,0,1,2688.41,2.84,198,50.77858,6.070268,204.9,163,3
813,0,1,2690.8,2.84,198,50.778602,6.070257,204.8,162,2
814,0,1,2693.28,2.84,199,50.778623,6.070245,204.8,160,3
815,0,1,2695.73,2.83,199,50.778645,6.070234,204.7,160,3
816,0,1,2698.2,2.83,199,50.778666,6.070223,204.6,160,2
817,0,1,2700.77,2.83,199,50.778688,6.070212,204.6,160,3
818,0,1,2703.33,2.83,199,50.778709,6.070201,204.5,158,2
819,0,1,2705.8,2.83,200,50.778731,6.070191,204.4,158,3
820,0,1,2708.37,2.82,200,50.778753,6.07018,204.4,158,3
821,0,1,2711.0,2.82,200,50.778775,6.07017,204.3,158,2
822,0,1,2713.58,2.82,200,50.778797,6.07016,204.2,158,3
823,0,1,2716.23,2.82,201,50.778819,6.07015,204.2,158,3
824,0,1,2718.85,2.82,201,50.778841,6.070141,204.1,158,2
825,0,1,2721.38,2.82,201,50.778864,6.070132,204.0,158,3
826,0,1,2723.87,2.81,201,50.778886,6.070122,204.0,158,2
827,0,1,2726.43,2.81,201,50.778908,6.070113,203.9,158,3
828,0,1,2728.98,2.81,202,50.778931,6.070103,203.8,154,3
829,0,1,2731.54,2.81,202,50.778953,6.070093,203.7,153,2
830,0,1,2734.13,2.81,202,50.778975,6.070081,203.7,152,3
831,0,1,2736.71,2.81,202,50.778997,6.070069,203.6,152,2
832,0,1,2739.25,2.8,202,50.779018,6.070056,203.5,152,3
833,0,1,2741.81,2.8,203,50.779039,6.070042,203.5,152,2
834,0,1,2744.35,2.8,203,50.77906,6.070026,203.4,152,3
835,0,1,2746.99,2.8,203,50.77908,6.070008,203.3,152,3
836,0,1,2749.75,2.8,203,50.779099,6.069989,203.3,151,2
837,0,1,2749.75,2.8,203,50.779118,6.069967,203.3,150,3
838,0,1,2749.75,2.8,204,50.779136,6.069944,203.4,150,2
839,0,1,2752.59,2.79,204,50.779153,6.069919,203.4,150,3
840,0,1,2754.57,2.79,204,50.779169,6.069892,203.5,152,2
841,0,1,2757.26,2.79,204,50.779184,6.069864,203.5,151,3
842,0,1,2760.1,2.79,205,50.779198,6.069835,203.6,151,3
843,0,1,2762.29,2.79,205,50.779211,6.069804,203.6,151,3
844,0,1,2764.98,2.79,205,50.779222,6.069772,203.7,151,2
845,0,1,2767.68,2.79,205,50.779232,6.069739,203.8,154,3
846,0,1,2770.25,2.78,205,50.77924,6.069705,203.9,155,2
847,0,1,2772.93,2.78,206,50.779247,6.06967,204.0,155,3
848,0,1,2775.49,2.78,206,50.779252,6.069635,204.1,155,3
849,0,1,2777.93,2.78,206,50.779255,6.069599,204.2,156,2
850,0,1,2784.68,2.78,206,50.779257,6.069562,204.4,156,3
851,0,1,2788.1,2.78,206,50.779256,6.069525,204.6,157,3
852,0,1,2790.65,2.78,207,50.779254,6.069488,204.7,156,2
853,0,1,2793.38,2.78,207,50.77925,6.069452,204.9,155,3
854,0,1,2796.14,2.78,207,50.779245,6.069415,205.1,153,2
855,0,1,2798.87,2.77,207,50.779238,6.069379,205.4,151,2
856,0,1,2801.49,2.77,207,50.77923,6.069343,205.6,150,1
857,0,1,2804.12,2.77,208,50.77922,6.069308,205.8,150,3
858,0,1,2806.77,2.77,208,50.779209,6.069274,206.1,150,3
859,0,1,2809.5,2.77,208,50.779197,6.069241,206.4,150,3
860,0,1,2812.22,2.77,208,50.779184,6.06921,206.6,149,2
861,0,1,2814.87,2.77,209,50.779169,6.06918,206.9,148,3
862,0,1,2817.46,2.77,209,50.779154,6.069151,207.2,148,2
863,0,1,2819.94,2.77,209,50.779138,6.069124,207.4,148,3
864,0,1,2822.41,2.77,209,50.779121,6.069099,207.7,149,3
865,0,1,2824.81,2.77,209,50.779103,6.069077,207.9,150,2
866,0,1,2827.09,2.77,210,50.779084,6.069056,208.2,150,3
867,0,1,2829.55,2.76,210,50.779064,6.069038,208.4,151,3
868,0,1,2832.24,2.76,210,50.779043,6.069023,208.6,155,2
869,0,1,2835.04,2.76,210,50.779022,6.069011,208.9,155,3
870,0,1,2837.68,2.76,210,50.778999,6.069002,209.1,155,2
871,0,1,2840.37,2.76,211,50.778975,6.068996,209.3,155,3
872,0,1,2843.18,2.76,211,50.778951,6.068993,209.5,153,3
873,0,1,2846.0,2.75,211,50.778926,6.068993,209.7,153,2
874,0,1,2848.78,2.75,211,50.778901,6.068996,209.9,153,1
875,0,1,2851.51,2.75,211,50.778875,6.069,210.0,153,3
876,0,1,2854.24,2.75,212,50.77885,6.069007,210.2,153,3
877,0,1,2857.06,2.75,212,50.778826,6.069016,210.3,153,2
878,0,1,2859.88,2.75,212,50.778801,6.069026,210.5,153,3
879,0,1,2862.83,2.75,212,50.778777,6.069037,210.6,153,3
880,0,1,2865.62,2.75,213,50.778754,6.069048,210.7,153,2
881,0,1,2868.37,2.75,213,50.778731,6.06906,210.8,153,3
882,0,1,2871.04,2.75,213,50.778707,6.069073,210.9,153,2
883,0,1,2873.73,2.75,213,50.778684,6.069085,211.0,153,3
884,0,1,2876.44,2.75,213,50.778661,6.069096,211.1,153,2
885,0,1,2879.05,2.75,214,50.778638,6.069107,211.2,153,3
886,0,1,2881.73,2.75,214,50.778615,6.069118,211.3,152,3
887,0,1,2884.51,2.75,214,50.778592,6.069128,211.4,153,3
888,0,1,2887.31,2.75,214,50.778569,6.069139,211.5,153,2
889,0,1,2889.99,2.75,214,50.778545,6.069149,211.6,153,3
890,0,1,2892.56,2.75,215,50.778522,6.06916,211.7,153,3
891,0,1,2895.17,2.75,215,50.778499,6.069171,211.8,152,2
892,0,1,2897.82,2.75,215,50.778475,6.069182,211.9,151,3
893,0,1,2900.53,2.75,215,50.778452,6.069193,211.9,151,3
894,0,1,2903.24,2.75,215,50.778428,6.069204,212.0,151,2
895,0,1,2905.97,2.74,216,50.778405,6.069215,212.1,151,3
896,0,1,2908.86,2.74,216,50.778381,6.069227,212.2,151,3
897,0,1,2911.82,2.74,216,50.778358,6.069238,212.2,151,2
898,0,1,2914.84,2.74,216,50.778335,6.06925,212.3,151,3
899,0,1,2917.82,2.74,217,50.778311,6.069261,212.4,150,3
900,0,1,2917.82,2.74,217,50.778288,6.069273,212.5,150,2
901,0,1,2917.82,2.74,217,50.778264,6.069284,212.7,150,3
902,0,1,2920.75,2.74,217,50.778241,6.069295,212.8,150,3
903,0,1,2922.75,2.74,217,50.778218,6.069307,213.0,150,2
904,0,1,2925.58,2.74,218,50.778195,6.069318,213.1,150,3
905,0,1,2928.56,2.74,218,50.778172,6.06933,213.2,150,2
906,0,1,2930.74,2.74,218,50.778149,6.069341,213.4,150,3
907,0,1,2933.78,2.74,218,50.778127,6.069354,213.5,150,2
908,0,1,2936.74,2.74,218,50.778105,6.069367,213.6,150,4
909,0,1,2938.58,2.74,219,50.778084,6.069381,213.7,150,2
910,0,1,2941.26,2.74,219,50.778063,6.069396,213.8,150,3
911,0,1,2944.04,2.74,219,50.778043,6.069412,213.8,149,2
912,0,1,2946.31,2.74,219,50.778023,6.069429,213.9,149,3
913,0,1,2949.05,2.73,220,50.778005,6.069448,213.9,149,3
914,0,1,2951.84,2.73,220,50.777987,6.069468,213.9,149,2
915,0,1,2953.84,2.73,220,50.77797,6.06949,213.9,149,3
916,0,1,2956.47,2.73,220,50.777954,6.069514,213.9,149,2
917,0,1,2959.21,2.73,220,50.77794,6.06954,213.9,149,3
918,0,1,2961.06,2.73,221,50.777926,6.069568,213.8,148,3
919,0,1,2963.91,2.73,221,50.777914,6.069598,213.7,148,3
920,0,1,2966.46,2.72,221,50.777903,6.069629,213.5,147,2
921,0,1,2968.26,2.72,221,50.777893,6.069661,213.4,146,3
922,0,1,2971.04,2.72,221,50.777884,6.069695,213.2,146,2
923,0,1,2973.74,2.72,222,50.777877,6.069729,213.0,146,3
924,0,1,2975.95,2.72,222,50.777871,6.069764,212.8,146,1
925,0,1,2982.73,2.72,222,50.777867,6.0698,212.6,146,2
926,0,1,2986.06,2.72,222,50.777864,6.069837,212.3,146,3
927,0,1,2988.64,2.72,222,50.777863,6.069873,212.1,147,3
928,0,1,2991.21,2.72,223,50.777863,6.06991,211.8,147,2
929,0,1,2993.82,2.72,223,50.777864,6.069946,211.5,147,3
930,0,1,2996.41,2.72,223,50.777868,6.069983,211.2,146,2
931,0,1,2999.0,2.72,223,50.777873,6.070019,211.0,146,3
932,0,1,3001.48,2.72,224,50.777879,6.070054,210.9,146,3
933,0,1,3004.01,2.71,224,50.777887,6.070089,210.8,146,2
934,0,1,3006.66,2.71,224,50.777897,6.070122,210.6,145,3
935,0,1,3009.38,2.71,224,50.777907,6.070155,210.5,144,3
936,0,1,3012.01,2.71,224,50.777919,6.070186,210.4,142,3
937,0,1,3014.8,2.71,225,50.777933,6.070217,210.2,141,2
938,0,1,3017.66,2.71,225,50.777947,6.070245,210.0,139,3
939,0,1,3020.27,2.71,225,50.777963,6.070272,209.8,139,3
940,0,1,3022.84,2.71,225,50.777979,6.070297,209.6,138,2
941,0,1,3025.5,2.71,225,50.777997,6.070321,209.4,138,2
942,0,1,3028.09,2.71,226,50.778016,6.070342,209.2,139,4
943,0,1,3030.57,2.71,226,50.778035,6.070361,208.9,138,2
944,0,1,3033.01,2.71,226,50.778056,6.070377,208.7,138,3
945,0,1,3035.45,2.71,226,50.778077,6.070392,208.4,138,2
946,0,1,3038.04,2.71,226,50.778099,6.070403,208.2,138,3
947,0,1,3040.52,2.71,227,50.778122,6.070412,207.9,138,3
948,0,1,3043.05,2.7,227,50.778146,6.070418,207.6,138,2
949,0,1,3045.7,2.7,227,50.77817,6.070422,207.4,138,3
950,0,1,3048.5,2.7,227,50.778196,6.070422,207.1,137,3
951,0,1,3051.44,2.7,228,50.778222,6.07042,206.8,137,2
952,0,1,3054.31,2.7,228,50.778248,6.070415,206.5,137,3
953,0,1,3057.31,2.7,228,50.778275,6.070408,206.2,138,3
954,0,1,3060.56,2.7,228,50.778302,6.0704,205.9,138,2
955,0,1,3060.56,2.7,228,50.778328,6.070389,205.6,138,3
956,0,1,3065.47,2.7,229,50.778355,6.070378,205.5,138,3
957,0,1,3069.65,2.7,229,50.778382,6.070365,205.4,138,5
958,0,1,3072.86,2.7,229,50.778409,6.070351,205.3,138,5
959,0,1,3076.07,2.71,229,50.778436,6.070336,205.3,138,3
960,0,1,3079.09,2.71,229,50.778463,6.070321,205.2,137,2
961,0,1,3082.15,2.71,230,50.778491,6.070306,205.1,137,3
962,0,1,3085.29,2.71,230,50.778519,6.070291,205.1,137,3
963,0,1,3088.57,2.71,230,50.778548,6.070275,205.0,137,5
964,0,1,3091.94,2.71,230,50.778578,6.07026,204.9,136,5
965,0,1,3095.32,2.72,230,50.778608,6.070245,204.8,136,6
966,0,1,3098.85,2.72,231,50.778638,6.07023,204.7,136,6
967,0,1,3102.48,2.72,231,50.778669,6.070215,204.6,136,3
968,0,1,3106.16,2.72,231,50.778699,6.0702,204.5,136,3
969,0,1,3109.81,2.72,231,50.77873,6.070185,204.5,136,3
970,0,1,3113.49,2.9,232,50.77876,6.07017,204.4,137,2
971,0,1,3116.87,3.03,232,50.77879,6.070155,204.3,137,3
972,0,1,3120.26,3.15,232,50.778821,6.07014,204.2,137,3
973,0,1,3123.74,3.24,232,50.778851,6.070124,204.1,137,3
974,0,1,3127.16,3.29,232,50.778881,6.070109,204.0,138,3
975,0,1,3130.53,3.36,233,50.778911,6.070093,203.9,138,3
976,0,1,3134.12,3.44,233,50.778942,6.070077,203.8,138,2
977,0,1,3137.83,3.51,233,50.778972,6.070061,203.7,139,3
978,0,1,3141.53,3.53,233,50.779002,6.070044,203.6,140,3
979,0,1,3145.08,3.53,234,50.779032,6.070025,203.5,141,3
980,0,1,3148.39,3.51,234,50.77906,6.070005,203.4,141,3
981,0,1,3151.66,3.5,234,50.779087,6.069982,203.4,142,2
982,0,1,3155.02,3.53,234,50.779112,6.069956,203.4,142,3
983,0,1,3158.54,3.52,235,50.779135,6.069926,203.5,142,3
984,0,1,3161.91,3.51,235,50.779156,6.069893,203.6,143,3
985,0,1,3165.23,3.52,235,50.779175,6.069857,203.6,142,2
986,0,1,3168.62,3.51,235,50.779191,6.069818,203.7,142,4
987,0,1,3172.04,3.5,236,50.779206,6.069778,203.8,142,2
988,0,1,3175.34,3.47,236,50.779218,6.069735,203.9,142,3
989,0,1,3175.34,3.43,236,50.779228,6.069691,204.0,141,3
990,0,1,3175.34,3.43,236,50.779236,6.069646,204.2,144,2
991,0,1,3178.52,3.43,237,50.779242,6.069601,204.3,144,3
992,0,1,3181.66,3.43,237,50.779245,6.069555,204.5,145,3
993,0,1,3184.96,3.43,237,50.779246,6.069508,204.7,146,3
994,0,1,3188.32,3.43,237,50.779245,6.069462,204.9,147,3
995,0,1,3191.4,3.43,238,50.77924,6.069415,205.2,150,3
996,0,1,3200.19,3.43,238,50.779233,6.06937,205.4,153,2
997,0,1,3204.69,3.43,238,50.779224,6.069324,205.7,153,6
998,0,1,3208.08,3.43,238,50.779211,6.069281,206.0,153,6
999,0,1,3211.45,3.43,239,50.779197,6.069239,206.4,153,3
1000,0,1,3214.82,3.43,239,50.779181,6.069199,206.7,152,2
1001,0,1,3218.15,3.43,239,50.779163,6.069163,207.0,152,3
1002,0,1,3221.43,3.43,239,50.779143,6.069129,207.4,153,3
1003,0,1,3224.64,3.43,240,50.779122,6.069099,207.7,153,3
1004,0,1,3227.74,3.43,240,50.779099,6.069073,208.0,153,3
1005,0,1,3230.77,3.43,240,50.779075,6.069051,208.2,153,2
1006,0,1,3233.83,3.43,240,50.77905,6.069032,208.5,154,3
1007,0,1,3236.8,3.43,241,50.779025,6.069017,208.8,154,3
1008,0,1,3239.79,3.43,241,50.778999,6.069006,209.1,154,3
1009,0,1,3242.99,3.42,241,50.778972,6.068999,209.3,154,2
1010,0,1,3246.09,3.42,241,50.778945,6.068996,209.5,154,3
1011,0,1,3249.09,3.42,242,50.778917,6.068995,209.7,153,3
1012,0,1,3252.11,3.42,242,50.778889,6.068998,209.9,153,3
1013,0,1,3255.21,3.42,242,50.778861,6.069003,210.1,153,3
1014,0,1,3258.46,3.42,242,50.778832,6.069011,210.3,153,2
1015,0,1,3261.77,3.41,243,50.778804,6.06902,210.5,153,3
1016,0,1,3265.07,3.41,243,50.778775,6.069031,210.6,153,3
1017,0,1,3268.42,3.41,243,50.778746,6.069043,210.8,153,3
1018,0,1,3271.76,3.41,243,50.778717,6.069057,210.9,153,2
1019,0,1,3275.08,3.41,244,50.778688,6.069071,211.0,153,3
1020,0,1,3278.39,3.41,244,50.778658,6.069086,211.2,152,6
1021,0,1,3281.75,3.41,244,50.778628,6.069101,211.3,152,6
1022,0,1,3285.23,3.41,244,50.778597,6.069117,211.4,150,3
1023,0,1,3288.88,3.41,245,50.778565,6.069132,211.6,150,3
1024,0,1,3292.63,3.41,245,50.778534,6.069146,211.7,149,2
1025,0,1,3296.38,3.41,245,50.778501,6.069161,211.8,148,3
1026,0,1,3300.13,3.41,245,50.778469,6.069176,212.0,148,3
1027,0,1,3303.92,3.41,246,50.778436,6.06919,212.1,148,3
1028,0,1,3307.83,3.4,246,50.778403,6.069205,212.2,147,3
1029,0,1,3311.72,3.5,246,50.77837,6.06922,212.3,153,3
1030,0,1,3315.5,3.58,246,50.778337,6.069235,212.4,153,3
1031,0,1,3319.27,3.64,247,50.778304,6.06925,212.6,154,3
1032,0,1,3323.04,3.71,247,50.778271,6.069266,212.8,154,3
1033,0,1,3326.86,3.75,247,50.778239,6.069282,213.0,154,3
1034,0,1,3330.57,3.76,247,50.778207,6.069299,213.1,154,3
1035,0,1,3334.03,3.76,248,50.778175,6.069316,213.3,154,3
1036,0,1,3337.66,3.75,248,50.778144,6.069333,213.5,155,1
1037,0,1,3341.37,3.74,248,50.778114,6.069352,213.6,156,3
1038,0,1,3341.37,3.77,248,50.778084,6.069373,213.7,156,2
1039,0,1,3341.37,3.8,249,50.778056,6.069395,213.8,156,4
1040,0,1,3345.3,3.82,249,50.778029,6.06942,213.9,156,3
1041,0,1,3348.2,3.83,249,50.778003,6.069448,213.9,156,2
1042,0,1,3352.04,3.84,249,50.777979,6.06948,213.9,156,3
1043,0,1,3355.84,3.83,250,50.777956,6.069515,213.9,156,4
1044,0,1,3359.05,3.85,250,50.777936,6.069555,213.8,156,2
1045,0,1,3362.86,3.84,250,50.777918,6.069597,213.6,156,3
1046,0,1,3366.52,3.81,250,50.777903,6.069642,213.4,155,3
1047,0,1,3369.87,3.78,251,50.77789,6.06969,213.2,155,3
1048,0,1,3379.24,3.78,251,50.777881,6.06974,212.9,157,3
1049,0,1,3383.97,3.78,251,50.777875,6.069791,212.6,157,3
1050,0,1,3387.66,3.78,251,50.777873,6.069843,212.2,158,3
1051,0,1,3391.45,3.78,252,50.777874,6.069896,211.8,158,2
1052,0,1,3395.27,3.78,252,50.777878,6.069949,211.3,158,4
1053,0,1,3399.09,3.78,252,50.777885,6.070002,210.8,158,3
1054,0,1,3403.0,3.78,252,50.777894,6.070053,210.7,158,3
1055,0,1,3406.95,3.78,253,50.777905,6.070102,210.6,158,2
1056,0,1,3410.74,3.78,253,50.777919,6.07015,210.4,159,3
1057,0,1,3414.34,3.78,253,50.777936,6.070194,210.2,158,3
1058,0,1,3417.96,3.78,253,50.777954,6.070235,209.9,158,3
1059,0,1,3421.45,3.78,254,50.777975,6.070273,209.7,158,3
1060,0,1,3424.76,3.78,254,50.777998,6.070306,209.4,158,3
1061,0,1,3428.08,3.78,254,50.778022,6.070335,209.1,158,3
1062,0,1,3431.47,3.78,254,50.77805,6.070359,208.8,158,2
1063,0,1,3434.86,3.78,255,50.778078,6.070377,208.4,158,3
1064,0,1,3438.21,3.78,255,50.778109,6.070391,208.1,159,3
1065,0,1,3441.81,3.78,255,50.77814,6.070401,207.7,160,3
1066,0,1,3445.49,3.78,255,50.778173,6.070406,207.3,161,3
1067,0,1,3449.24,3.78,256,50.778205,6.070406,207.0,161,3
1068,0,1,3452.95,3.78,256,50.778238,6.070403,206.6,161,3
1069,0,1,3456.69,3.78,256,50.778271,6.070395,206.2,162,3
1070,0,1,3460.46,3.78,256,50.778304,6.070385,205.9,161,3
1071,0,1,3460.46,3.77,257,50.778337,6.070371,205.5,161,2
1072,0,1,3466.16,3.77,257,50.778369,6.070357,205.5,161,3
1073,0,1,3471.03,3.77,257,50.778401,6.070341,205.4,161,3
1074,0,1,3474.8,3.77,257,50.778432,6.070325,205.3,161,3
1075,0,1,3478.56,3.77,258,50.778463,6.07031,205.2,161,1
1076,0,1,3482.24,3.77,258,50.778494,6.070296,205.1,161,3
1077,0,1,3485.97,3.77,258,50.778525,6.070283,205.0,161,3
1078,0,1,3489.54,3.77,259,50.778556,6.07027,205.0,161,2
1079,0,1,3493.19,3.77,259,50.778587,6.070256,204.9,161,4
1080,0,1,3496.77,3.77,259,50.778618,6.070241,204.8,161,4
1081,0,1,3500.39,3.77,259,50.77865,6.070224,204.7,160,3
1082,0,1,3503.93,3.77,260,50.778683,6.070204,204.6,160,4
1083,0,1,3507.63,3.77,260,50.778718,6.070181,204.5,161,2
1084,0,1,3511.83,3.77,260,50.778753,6.070156,204.4,161,4
1085,0,1,3516.43,3.77,260,50.778792,6.070129,204.3,161,4
1086,0,1,3521.35,3.77,261,50.778833,6.070101,204.2,161,2
1087,0,1,3526.54,3.77,261,50.778877,6.070074,204.0,161,4
1088,0,1,3532.07,3.77,261,50.778924,6.070048,203.9,161,4
1089,0,1,3538.08,4.09,261,50.778976,6.070022,203.7,161,3
1090,0,1,3544.37,4.37,262,50.779029,6.069995,203.5,161,4
1091,0,1,3550.53,4.64,262,50.77908,6.069961,203.5,161,3
1092,0,1,3556.75,4.89,262,50.779127,6.069917,203.6,162,4
1093,0,1,3563.01,5.06,263,50.779168,6.069859,203.7,165,4
1094,0,1,3569.12,5.21,263,50.779201,6.069791,203.8,168,3
1095,0,1,3575.21,5.32,263,50.779227,6.069716,203.9,169,4
1096,0,1,3581.11,5.4,264,50.779245,6.069638,204.1,169,3
1097,0,1,3586.88,5.42,264,50.779257,6.069558,204.4,169,4
1098,0,1,3592.33,5.44,264,50.779261,6.069479,204.7,172,4
1099,0,1,3597.73,5.47,265,50.779259,6.069402,205.1,177,3
1100,0,1,3603.35,5.49,265,50.779248,6.069329,205.5,180,3
1101,0,1,3608.87,5.5,266,50.779231,6.069261,206.0,181,4
1102,0,1,3608.87,5.46,266,50.779207,6.069199,206.5,181,1
1103,0,1,3608.87,5.45,267,50.779176,6.069146,207.0,182,4
1104,0,1,3614.19,5.43,267,50.77914,6.0691,207.5,182,3
1105,0,1,3618.68,5.39,267,50.779099,6.069062,208.0,182,3
1106,0,1,3632.31,5.4,268,50.779054,6.069034,208.5,182,4
1107,0,1,3639.52,5.46,268,50.779006,6.069016,208.9,183,3
1108,0,1,3645.41,5.49,269,50.778957,6.069009,209.4,183,4
1109,0,1,3651.17,5.49,269,50.778905,6.069012,209.7,184,3
1110,0,1,3657.15,5.49,269,50.778854,6.069024,210.1,184,4
1111,0,1,3663.23,5.49,270,50.778801,6.069044,210.4,187,3
1112,0,1,3669.22,5.5,270,50.778749,6.069068,210.6,192,3
1113,0,1,3675.29,5.5,271,50.778697,6.069096,210.8,198,4
1114,0,1,3681.37,5.5,271,50.778645,6.069125,211.0,199,4
1115,0,1,3687.45,5.5,271,50.778595,6.069153,211.2,199,3
1116,0,1,3693.59,5.5,272,50.778546,6.069181,211.4,199,4
1117,0,1,3699.49,5.5,272,50.778497,6.069208,211.5,199,3
1118,0,1,3705.15,5.5,273,50.778449,6.069234,211.6,199,3
1119,0,1,3710.7,5.5,273,50.778402,6.06926,211.7,201,4
1120,0,1,3716.18,5.5,273,50.778355,6.069284,211.9,201,4
1121,0,1,3721.79,5.5,274,50.778308,6.069307,212.1,201,3
1122,0,1,3727.08,5.51,274,50.778262,6.069329,212.3,201,1
1123,0,1,3732.17,5.51,275,50.778216,6.069351,212.6,201,4
1124,0,1,3737.52,5.51,275,50.77817,6.069373,212.9,200,3
1125,0,1,3742.99,5.51,276,50.778126,6.069397,213.1,199,3
1126,0,1,3748.23,5.51,276,50.778082,6.069424,213.3,199,3
1127,0,1,3753.34,5.51,276,50.77804,6.069455,213.5,199,4
1128,0,1,3758.51,5.51,277,50.778,6.06949,213.6,199,3
1129,0,1,3763.56,5.51,277,50.777962,6.069531,213.7,199,3
1130,0,1,3768.5,5.51,278,50.777927,6.069577,213.7,200,3
1131,0,1,3773.26,5.51,278,50.777899,6.069628,213.6,200,4
1132,0,1,3778.01,5.51,278,50.777879,6.069686,213.3,200,3
1133,0,1,3782.87,5.51,279,50.777868,6.069749,213.0,201,3
1134,0,1,3788.01,5.51,279,50.777864,6.069815,212.5,199,3
1135,0,1,3792.83,5.5,280,50.777864,6.069884,212.0,198,2
1136,0,1,3797.68,5.5,280,50.777866,6.069953,211.4,198,3
1137,0,1,3802.53,5.5,280,50.777872,6.07002,211.0,198,3
1138,0,1,3807.31,5.5,281,50.777885,6.070084,210.8,198,3
1139,0,1,3812.2,5.5,281,50.777905,6.070143,210.5,197,3
1140,0,1,3816.97,5.5,282,50.777931,6.070197,210.2,197,3
1141,0,1,3821.28,5.5,282,50.777959,6.070243,209.9,197,3
1142,0,1,3825.74,5.5,282,50.777986,6.070281,209.6,197,3
1143,0,1,3829.84,5.5,283,50.778011,6.070312,209.3,197,3
1144,0,1,3833.39,5.46,283,50.778035,6.070336,209.0,196,3
1145,0,1,3836.5,5.14,284,50.778058,6.070355,208.7,196,2
1146,0,1,3839.28,4.82,284,50.77808,6.07037,208.4,195,3
1147,0,1,3841.96,4.49,284,50.7781,6.070382,208.2,192,2
1148,0,1,3844.52,4.19,285,50.77812,6.070391,208.0,192,3
1149,0,1,3846.77,3.94,285,50.77814,6.070398,207.7,191,2
1150,0,1,3848.9,3.68,285,50.778158,6.070405,207.5,191,3
1151,0,1,3850.94,3.47,285,50.778176,6.07041,207.3,190,2
1152,0,1,3852.97,3.31,286,50.778194,6.070413,207.1,189,3
1153,0,1,3854.98,3.17,286,50.778211,6.070415,206.9,189,2
1154,0,1,3856.85,3.01,286,50.778229,6.070415,206.7,189,3
1155,0,1,3858.61,2.88,286,50.778246,6.070414,206.5,189,2
1156,0,1,3860.42,2.79,286,50.778262,6.070411,206.3,188,2
1157,0,1,3862.65,2.72,287,50.778279,6.070406,206.1,184,3
1158,0,1,3864.72,2.59,287,50.778296,6.0704,205.9,184,2
1159,0,1,3864.72,2.5,287,50.778313,6.070394,205.8,184,3
1160,0,1,3867.46,2.46,287,50.77833,6.070386,205.6,184,2
1161,0,1,3870.09,2.41,287,50.778347,6.070379,205.5,184,3
1162,0,1,3872.08,2.36,288,50.778364,6.07037,205.5,184,2
1163,0,1,3874.03,2.34,288,50.778382,6.070362,205.4,184,3
1164,0,1,3876.06,2.33,288,50.7784,6.070353,205.4,184,3
1165,0,1,3878.23,2.33,288,50.778418,6.070344,205.3,184,2
1166,0,1,3880.39,2.33,288,50.778436,6.070335,205.3,183,2
1167,0,1,3882.49,2.33,289,50.778455,6.070325,205.2,182,3
1168,0,1,3884.51,2.33,289,50.778474,6.070316,205.2,182,2
1169,0,1,3886.57,2.33,289,50.778493,6.070306,205.1,182,3
1170,0,1,3888.73,2.33,289,50.778512,6.070297,205.1,181,3
1171,0,1,3891.09,2.33,289,50.778532,6.070287,205.0,181,2
1172,0,1,3893.46,2.33,290,50.778552,6.070277,205.0,181,3
1173,0,1,3895.87,2.33,290,50.778572,6.070267,204.9,181,2
1174,0,1,3898.18,2.33,290,50.778593,6.070257,204.9,181,3
1175,0,1,3900.55,2.33,290,50.778613,6.070246,204.8,180,2
1176,0,1,3903.15,2.33,290,50.778634,6.070236,204.7,180,3
1177,0,1,3905.71,2.33,290,50.778655,6.070225,204.7,178,2
1178,0,1,3908.17,2.33,291,50.778676,6.070215,204.6,177,3
1179,0,1,3910.62,2.33,291,50.778697,6.070204,204.6,176,2
1180,0,1,3913.06,2.33,291,50.778719,6.070193,204.5,175,3
1181,0,1,3915.4,2.33,291,50.77874,6.070183,204.4,174,3
1182,0,1,3917.75,2.33,291,50.778761,6.070172,204.4,173,3
1183,0,1,3920.28,2.33,292,50.778783,6.070161,204.3,172,2
1184,0,1,3922.83,2.33,292,50.778805,6.07015,204.2,171,3
1185,0,1,3925.38,2.33,292,50.778827,6.070139,204.2,171,2
1186,0,1,3928.01,2.33,292,50.778849,6.070128,204.1,170,3
1187,0,1,3930.74,2.33,292,50.778871,6.070118,204.0,170,3
1188,0,1,3933.19,2.33,293,50.778894,6.070108,203.9,170,2
1189,0,1,3935.51,2.34,293,50.778917,6.070098,203.9,170,3
1190,0,1,3937.86,2.34,293,50.778941,6.070088,203.8,170,2
1191,0,1,3940.4,2.34,293,50.778965,6.070077,203.7,170,4
1192,0,1,3943.27,2.34,293,50.778989,6.070065,203.6,171,2
1193,0,1,3946.27,2.34,294,50.779013,6.070052,203.5,172,2
1194,0,1,3949.49,2.34,294,50.779037,6.070037,203.5,172,3
1195,0,1,3952.98,2.34,294,50.779061,6.070019,203.4,172,3
1196,0,1,3952.98,2.34,294,50.779084,6.069999,203.3,172,3
1197,0,1,3952.98,2.34,294,50.779107,6.069977,203.3,172,2
1198,0,1,3956.09,2.34,295,50.779129,6.069952,203.4,171,3
1199,0,1,3958.52,2.34,295,50.77915,6.069926,203.4,171,3
1200,0,1,3961.59,2.34,295,50.779169,6.069897,203.5,171,2
1201,0,1,3964.53,2.35,295,50.779187,6.069865,203.5,171,3
1202,0,1,3967.26,2.35,295,50.779202,6.069832,203.6,171,3
1203,0,1,3970.47,2.35,296,50.779215,6.069797,203.6,171,3
1204,0,1,3973.65,2.35,296,50.779226,6.06976,203.7,170,2
1205,0,1,3975.84,2.35,296,50.779236,6.069721,203.8,170,3
1206,0,1,3978.99,2.35,296,50.779243,6.069682,204.0,170,3
1207,0,1,3982.02,2.36,296,50.779249,6.069641,204.1,170,2
1208,0,1,3984.6,2.5,296,50.779253,6.0696,204.3,169,3
1209,0,1,3992.44,2.63,297,50.779255,6.069558,204.4,169,3
1210,0,1,3996.48,2.69,297,50.779256,6.069515,204.6,168,2
1211,0,1,3999.42,2.77,297,50.779255,6.069473,204.8,167,3
1212,0,1,4002.48,2.84,297,50.779251,6.069431,205.0,167,3
1213,0,1,4005.51,2.87,298,50.779245,6.06939,205.3,167,2
1214,0,1,4008.31,2.9,298,50.779237,6.069349,205.5,167,3
1215,0,1,4011.15,2.93,298,50.779227,6.069309,205.8,168,3
1216,0,1,4014.1,2.95,298,50.779214,6.06927,206.1,168,2
1217,0,1,4017.12,3.0,298,50.7792,6.069234,206.4,168,3
1218,0,1,4020.27,3.04,299,50.779183,6.069199,206.7,168,3
1219,0,1,4023.33,3.04,299,50.779165,6.069167,207.0,168,2
1220,0,1,4026.24,3.08,299,50.779146,6.069139,207.3,168,3
1221,0,1,4029.21,3.11,299,50.779125,6.069113,207.6,168,3
1222,0,1,4032.24,3.11,300,50.779104,6.069091,207.8,168,3
1223,0,1,4035.13,3.09,300,50.779081,6.069073,208.1,166,3
1224,0,1,4037.86,3.06,300,50.779058,6.069057,208.3,166,3
1225,0,1,4040.64,3.09,300,50.779033,6.069044,208.6,166,2
1226,0,1,4043.71,3.08,300,50.779008,6.069035,208.8,165,6
1227,0,1,4046.61,3.08,301,50.778983,6.069027,209.1,165,6
1228,0,1,4049.57,3.08,301,50.778957,6.069023,209.3,166,2
1229,0,1,4052.56,3.08,301,50.778931,6.06902,209.5,166,3
1230,0,1,4055.56,3.08,301,50.778904,6.06902,209.7,166,5
1231,0,1,4058.42,3.08,302,50.778878,6.069022,209.9,167,5
1232,0,1,4061.23,3.08,302,50.778851,6.069026,210.1,167,5
1233,0,1,4064.05,3.08,302,50.778825,6.069032,210.2,167,4
1234,0,1,4066.85,3.08,302,50.778798,6.06904,210.4,167,3
1235,0,1,4069.73,3.08,302,50.778773,6.069049,210.5,167,2
1236,0,1,4072.68,3.08,303,50.778747,6.069059,210.7,167,2
1237,0,1,4075.67,3.08,303,50.778721,6.069071,210.8,167,4
1238,0,1,4078.72,3.08,303,50.778696,6.069083,210.9,167,5
1239,0,1,4081.87,3.08,303,50.778672,6.069095,211.0,167,5
1240,0,1,4084.85,3.08,304,50.778647,6.069108,211.1,167,3
1241,0,1,4087.57,3.08,304,50.778623,6.06912,211.2,167,3
1242,0,1,4090.22,3.08,304,50.778598,6.069133,211.3,167,4
1243,0,1,4092.94,3.08,304,50.778575,6.069145,211.4,168,4
1244,0,1,4095.7,3.08,304,50.778551,6.069156,211.5,168,4
1245,0,1,4098.56,3.08,305,50.778528,6.069167,211.6,168,3
1246,0,1,4101.29,3.08,305,50.778506,6.069178,211.7,168,3
1247,0,1,4103.91,3.08,305,50.778484,6.069189,211.7,167,2
1248,0,1,4106.38,3.08,305,50.778462,6.0692,211.8,167,3
1249,0,1,4108.82,3.08,306,50.778441,6.06921,211.9,166,3
1250,0,1,4111.37,3.08,306,50.778421,6.069221,211.9,166,2
1251,0,1,4113.73,3.07,306,50.778401,6.069231,212.0,166,3
1252,0,1,4115.96,3.07,306,50.778381,6.069241,212.0,165,2
1253,0,1,4118.34,3.07,307,50.778361,6.069252,212.1,164,3
1254,0,1,4120.89,3.07,307,50.77834,6.069262,212.2,163,2
1255,0,1,4123.51,3.07,307,50.77832,6.069273,212.2,163,3
1256,0,1,4123.51,3.07,307,50.778299,6.069283,212.4,162,1
1257,0,1,4123.51,3.07,307,50.778278,6.069294,212.5,162,2
1258,0,1,4125.94,3.06,308,50.778257,6.069304,212.6,162,3
1259,0,1,4128.15,3.06,308,50.778237,6.069315,212.7,162,2
1260,0,1,4130.68,3.06,308,50.778217,6.069324,212.8,162,3
1261,0,1,4133.14,3.06,308,50.778197,6.069334,212.9,162,3
1262,0,1,4135.27,3.06,309,50.778178,6.069342,213.1,162,4
1263,0,1,4137.73,3.05,309,50.778159,6.069351,213.2,161,4
1264,0,1,4140.06,3.05,309,50.778141,6.06936,213.3,161,3
1265,0,1,4142.08,3.05,309,50.778123,6.069368,213.4,160,2
1266,0,1,4144.41,3.05,309,50.778105,6.069377,213.5,160,3
1267,0,1,4146.72,3.05,310,50.778089,6.069387,213.6,160,3
1268,0,1,4148.3,3.04,310,50.778072,6.069396,213.7,160,2
1269,0,1,4150.36,3.04,310,50.778056,6.069407,213.7,160,3
1270,0,1,4152.4,3.04,310,50.778041,6.069418,213.8,160,2
1271,0,1,4154.21,3.04,311,50.778026,6.06943,213.9,160,3
1272,0,1,4156.42,3.03,311,50.778011,6.069443,213.9,160,2
1273,0,1,4158.58,3.03,311,50.777997,6.069458,213.9,159,3
1274,0,1,4159.98,3.03,311,50.777984,6.069474,213.9,159,2
1275,0,1,4162.18,3.03,311,50.777971,6.069491,213.9,159,3
1276,0,1,4164.38,3.02,312,50.777959,6.069509,213.9,159,2
1277,0,1,4165.78,3.02,312,50.777947,6.069529,213.9,159,2
1278,0,1,4167.76,3.02,312,50.777937,6.069549,213.8,156,3
1279,0,1,4169.8,3.02,312,50.777927,6.06957,213.7,153,2
1280,0,1,4171.68,3.01,313,50.777919,6.069593,213.7,151,3
1281,0,1,4173.47,3.01,313,50.777912,6.069615,213.6,151,2
1282,0,1,4175.23,2.82,313,50.777906,6.069639,213.4,151,3
1283,0,1,4177.19,2.69,313,50.777901,6.069663,213.3,150,2
1284,0,1,4179.39,2.64,313,50.777897,6.069688,213.1,148,3
1285,0,1,4182.16,2.59,314,50.777893,6.069714,213.0,148,1
1286,0,1,4185.93,2.49,314,50.77789,6.06974,212.8,148,1
1287,0,1,4188.1,2.41,314,50.777886,6.069767,212.6,148,3
1288,0,1,4189.96,2.36,314,50.777884,6.069795,212.4,148,3
1289,0,1,4191.96,2.31,314,50.777881,6.069823,212.3,148,2
1290,0,1,4193.98,2.26,315,50.777878,6.069853,212.1,148,2
1291,0,1,4196.05,2.28,315,50.777875,6.069885,211.8,147,3
1292,0,1,4198.32,2.34,315,50.777872,6.069919,211.6,147,3
1293,0,1,4200.86,2.39,315,50.77787,6.069956,211.3,147,2
1294,0,1,4203.48,2.43,315,50.777872,6.069995,211.0,146,3
1295,0,1,4206.05,2.55,316,50.777878,6.070037,210.9,146,2
1296,0,1,4209.02,2.7,316,50.777889,6.070082,210.8,145,3
1297,0,1,4212.51,2.82,316,50.777905,6.070128,210.6,145,5
1298,0,1,4216.17,2.98,316,50.777926,6.070175,210.3,144,5
1299,0,1,4220.21,3.15,316,50.777952,6.070222,210.0,144,4
1300,0,1,4224.64,3.41,317,50.777982,6.07027,209.6,145,3
1301,0,1,4229.47,3.73,317,50.778018,6.070315,209.2,145,4
1302,0,1,4234.71,3.96,317,50.778057,6.070356,208.7,145,3
1303,0,1,4239.9,3.96,317,50.778099,6.070389,208.2,145,3
1304,0,1,4244.96,3.96,318,50.778142,6.07041,207.7,145,3
1305,0,1,4250.08,3.97,318,50.778186,6.070416,207.2,146,3
1306,0,1,4255.1,3.97,318,50.778231,6.070412,206.7,155,3
1307,0,1,4259.75,4.07,319,50.778275,6.070399,206.2,156,3
1308,0,1,4265.16,4.18,319,50.778321,6.070381,205.7,157,6
1309,0,1,4270.63,4.3,319,50.778366,6.07036,205.5,158,6
1310,0,1,4270.63,4.42,319,50.778411,6.070336,205.4,158,4
1311,0,1,4279.1,4.5,320,50.778455,6.070311,205.2,158,2
1312,0,1,4286.03,4.6,320,50.778499,6.070286,205.1,159,4
1313,0,1,4291.38,4.66,320,50.778542,6.070261,205.0,159,3
1314,0,1,4296.37,4.7,321,50.778584,6.070237,204.9,159,4
1315,0,1,4301.19,4.75,321,50.778625,6.070215,204.8,159,4
1316,0,1,4306.04,4.78,321,50.778666,6.070194,204.7,160,3
1317,0,1,4310.8,4.77,322,50.778706,6.070174,204.5,160,3
1318,0,1,4315.35,4.79,322,50.778746,6.070155,204.4,160,3
1319,0,1,4320.11,4.81,322,50.778785,6.070138,204.3,160,3
1320,0,1,4324.74,4.78,322,50.778825,6.070121,204.2,160,3
1321,0,1,4329.17,4.77,323,50.778864,6.070105,204.0,161,4
1322,0,1,4333.7,4.8,323,50.778904,6.070089,203.9,161,2
1323,0,1,4338.44,4.79,323,50.778943,6.070071,203.8,161,3
1324,0,1,4343.0,4.8,324,50.778982,6.07005,203.7,161,4
1325,0,1,4347.71,4.82,324,50.77902,6.070025,203.5,162,3
1326,0,1,4352.59,4.84,324,50.779058,6.069995,203.4,162,3
1327,0,1,4357.46,4.87,325,50.779095,6.069959,203.5,166,6
1328,0,1,4362.41,4.87,325,50.77913,6.069916,203.5,169,6
1329,0,1,4367.46,4.87,325,50.779163,6.069868,203.6,174,4
1330,0,1,4372.46,4.87,326,50.779192,6.069815,203.7,175,3
1331,0,1,4377.65,4.87,326,50.779217,6.069757,203.8,175,3
1332,0,1,4382.82,4.87,326,50.779237,6.069696,203.9,175,3
1333,0,1,4387.87,4.87,327,50.779251,6.069631,204.1,179,3
1334,0,1,4392.79,4.87,327,50.779258,6.069563,204.4,179,3
1335,0,1,4397.52,4.87,327,50.77926,6.069495,204.7,181,3
1336,0,1,4402.29,4.87,327,50.779255,6.069427,205.0,182,3
1337,0,1,4407.03,4.87,328,50.779246,6.069361,205.4,183,3
1338,0,1,4411.72,4.87,328,50.779232,6.069299,205.8,184,4
1339,0,1,4416.39,4.87,328,50.779214,6.069242,206.2,184,2
1340,0,1,4416.39,4.87,329,50.779192,6.069193,206.6,184,3
1341,0,1,4416.39,4.87,329,50.779168,6.069152,207.1,184,3
1342,0,1,4420.5,4.87,329,50.779141,6.069118,207.4,181,3
1343,0,1,4424.43,4.87,330,50.779114,6.06909,207.8,181,3
1344,0,1,4434.52,4.73,330,50.779086,6.069066,208.1,180,3
1345,0,1,4439.1,4.56,330,50.779059,6.069045,208.4,179,2
1346,0,1,4442.17,4.34,331,50.779034,6.069026,208.7,179,6
1347,0,1,4445.33,4.19,331,50.779009,6.069009,209.0,179,6
1348,0,1,4448.38,4.01,331,50.778984,6.068993,209.2,180,2
1349,0,1,4451.3,3.86,331,50.77896,6.068981,209.5,180,3
1350,0,1,4454.07,3.72,332,50.778935,6.068974,209.7,180,3
1351,0,1,4456.69,3.57,332,50.778909,6.068976,209.9,180,2
1352,0,1,4459.5,3.5,332,50.778883,6.068983,210.1,180,3
1353,0,1,4462.64,3.47,332,50.778855,6.068994,210.2,181,3
1354,0,1,4465.82,3.47,333,50.778825,6.069007,210.4,181,3
1355,0,1,4469.16,3.5,333,50.778796,6.06902,210.5,181,2
1356,0,1,4472.69,3.52,333,50.778765,6.069034,210.7,181,3
1357,0,1,4476.33,3.54,333,50.778734,6.069049,210.8,181,2
1358,0,1,4479.94,3.59,334,50.778702,6.069064,211.0,181,4
1359,0,1,4483.67,3.62,334,50.778671,6.06908,211.1,181,2
1360,0,1,4487.36,3.64,334,50.778639,6.069096,211.2,181,3
1361,0,1,4491.01,3.66,334,50.778608,6.069111,211.4,181,6
1362,0,1,4494.53,3.63,335,50.778577,6.069127,211.5,181,6
1363,0,1,4497.99,3.62,335,50.778547,6.069143,211.6,181,3
1364,0,1,4501.47,3.62,335,50.778518,6.069158,211.7,181,2
1365,0,1,4504.87,3.62,335,50.77849,6.069172,211.8,182,3
1366,0,1,4508.24,3.62,336,50.778463,6.069186,211.9,181,3
1367,0,1,4511.55,3.62,336,50.778437,6.0692,212.0,181,2
1368,0,1,4514.52,3.62,336,50.778413,6.069212,212.1,181,3
1369,0,1,4517.3,3.62,336,50.77839,6.069224,212.1,181,3
1370,0,1,4519.92,3.62,337,50.778368,6.069235,212.2,181,3
1371,0,1,4522.34,3.62,337,50.778346,6.069247,212.2,180,2
1372,0,1,4524.76,3.61,337,50.778325,6.069257,212.3,180,3
1373,0,1,4527.26,3.61,337,50.778305,6.069268,212.4,180,2
1374,0,1,4529.69,3.5,338,50.778284,6.069279,212.5,179,2
1375,0,1,4532.34,3.38,338,50.778264,6.06929,212.6,179,6
1376,0,1,4534.77,3.29,338,50.778243,6.069301,212.8,177,6
1377,0,1,4537.26,3.17,338,50.778223,6.069311,212.9,178,2
1378,0,1,4539.7,3.09,339,50.778203,6.069322,213.0,177,3
1379,0,1,4539.7,3.04,339,50.778182,6.069333,213.1,177,2
1380,0,1,4539.7,2.99,339,50.778162,6.069344,213.2,177,3
1381,0,1,4542.23,2.94,339,50.778141,6.069355,213.3,177,2
1382,0,1,4544.61,2.89,339,50.778121,6.069367,213.4,176,1
1383,0,1,4547.02,2.81,340,50.778101,6.069379,213.5,176,3
1384,0,1,4549.51,2.76,340,50.778081,6.069391,213.6,176,2
1385,0,1,4551.68,2.7,340,50.778061,6.069405,213.7,175,3
1386,0,1,4554.29,2.68,340,50.778042,6.069419,213.8,175,2
1387,0,1,4557.13,2.71,340,50.778023,6.069434,213.9,175,3
1388,0,1,4558.59,2.72,341,50.778005,6.069451,213.9,175,2
1389,0,1,4561.23,2.71,341,50.777988,6.069469,213.9,175,3
1390,0,1,4564.1,2.73,341,50.777972,6.069488,213.9,176,3
1391,0,1,4565.86,2.73,341,50.777956,6.069509,213.9,176,2
1392,0,1,4568.44,2.71,342,50.777941,6.069532,213.9,177,3
1393,0,1,4571.0,2.68,342,50.777928,6.069557,213.8,177,2
1394,0,1,4572.97,2.66,342,50.777916,6.069584,213.8,177,3
1395,0,1,4575.4,2.66,342,50.777905,6.069612,213.6,177,2
1396,0,1,4577.84,2.66,342,50.777895,6.069643,213.5,178,3
1397,0,1,4579.86,2.66,343,50.777886,6.069674,213.4,178,3
1398,0,1,4582.33,2.66,343,50.777879,6.069707,213.2,178,2
1399,0,1,4586.66,2.66,343,50.777873,6.069741,213.0,178,3
1400,0,1,4591.73,2.66,343,50.777869,6.069775,212.8,178,2
1401,0,1,4594.67,2.66,343,50.777866,6.069809,212.5,178,3
1402,0,1,4597.15,2.66,343,50.777864,6.069844,212.3,179,2
1403,0,1,4599.42,2.66,344,50.777863,6.06988,212.0,179,3
1404,0,1,4601.7,2.66,344,50.777864,6.069916,211.7,179,3
1405,0,1,4604.12,2.66,344,50.777866,6.069953,211.4,179,2
1406,0,1,4606.8,2.66,344,50.77787,6.069991,211.1,179,2
1407,0,1,4609.57,2.66,344,50.777874,6.070029,210.9,179,1
1408,0,1,4612.33,2.66,345,50.777879,6.070068,210.9,179,4
1409,0,1,4615.28,2.66,345,50.777885,6.070108,210.8,179,6
1410,0,1,4618.38,2.66,345,50.777892,6.070147,210.7,178,2
1411,0,1,4621.39,2.66,345,50.777898,6.070187,210.6,178,4
1412,0,1,4624.36,2.66,345,50.777905,6.070226,210.5,178,5
1413,0,1,4627.12,2.66,346,50.777912,6.070265,210.4,179,3
1414,0,1,4629.45,2.66,346,50.777919,6.070303,210.3,179,0
1415,0,1,4631.94,2.66,346,50.777925,6.07034,210.2,179,3
1416,0,1,4634.58,2.66,346,50.77793,6.070373,210.1,179,2
1417,0,1,4637.12,2.66,346,50.777935,6.070403,210.0,179,4
1418,0,1,4639.47,2.66,347,50.777938,6.070429,210.0,178,2
1419,0,1,4641.47,2.66,347,50.77794,6.070449,210.0,178,1
1420,0,1,4643.13,2.65,347,50.777941,6.070463,209.9,177,2
1421,0,1,4644.55,2.65,347,50.777941,6.070472,209.9,176,2
1422,0,1,4645.31,2.65,347,50.777941,6.070477,209.9,175,0
1423,0,1,4645.31,2.14,348,50.77794,6.070479,209.9,175,0
1424,0,1,4645.62,1.88,348,50.77794,6.07048,209.9,175,2
1425,0,1,4645.62,0.0,348,50.77794,6.070481,209.9,173,0
1426,0,1,4645.62,0.0,348,50.77794,6.070481,209.9,171,0
1427,0,1,4645.62,0.0,348,50.77794,6.070481,209.9,169,0
1428,0,1,4645.62,0.0,348,50.77794,6.070481,209.9,169,0
1429,0,1,4645.62,0.0,348,50.77794,6.070481,209.9,169,0
1430,0,1,4645.62,0.0,348,50.77794,6.070481,209.9,169,0
1431,0,1,4645.62,0.0,348,50.77794,6.070481,209.9,169,0
1432,0,1,4645.62,0.0,348,50.77794,6.070481,209.9,168,0
1433,0,1,4645.62,0.0,348,50.77794,6.070481,209.9,168,0
1434,0,1,4645.62,0.0,348,50.77794,6.070481,209.9,168,0
1435,0,1,4645.62,0.0,348,50.77794,6.070481,209.9,167,0
1436,0,1,4645.62,0.0,348,50.77794,6.070481,209.9,167,0
1437,0,1,4645.62,0.0,348,50.77794,6.070481,209.9,167,0
1438,0,1,4645.62,0.0,348,50.77794,6.070481,209.9,167,0
1439,0,1,4645.62,0.0,348,50.77794,6.070481,209.9,167,0
1440,0,1,4645.62,0.0,348,50.77794,6.070481,209.9,167,0
1441,0,1,4645.62,0.0,348,50.77794,6.070481,209.9,167,0
1442,0,1,4645.62,0.0,348,50.77794,6.070481,209.9,167,0
1443,0,1,4645.62,0.0,348,50.77794,6.070481,209.9,167,0
1444,0,1,4645.62,0.0,348,50.77794,6.070481,209.9,167,0
1445,0,1,4645.62,0.0,348,50.77794,6.070481,209.9,166,0
1446,0,1,4645.62,0.0,348,50.77794,6.070481,209.9,166,0
1447,0,1,4645.62,0.0,348,50.77794,6.070481,209.9,166,0
1448,0,1,4645.62,0.0,348,50.77794,6.070481,209.9,165,0
1449,0,1,4645.62,0.0,348,50.77794,6.070481,209.9,165,0
1450,0,1,4645.62,0.0,348,50.77794,6.070481,209.9,164,0
1451,0,1,4645.62,0.0,348,50.77794,6.070481,209.9,164,0
1452,0,1,4645.62,0.0,348,50.77794,6.070481,209.9,164,0
1453,0,1,4645.62,0.0,348,50.77794,6.070481,209.9,164,0
1454,0,1,4645.62,0.0,348,50.77794,6.070481,209.9,164,0
1455,0,1,4645.62,0.0,348,50.77794,6.070481,209.9,164,0
1456,0,1,4645.62,0.0,348,50.77794,6.070481,209.9,164,0
1457,0,1,4645.62,0.0,348,50.77794,6.070481,209.9,164,0
1458,0,1,4645.62,0.0,348,50.77794,6.070481,209.9,164,0
1459,0,1,4645.62,0.0,348,50.77794,6.070481,209.9,164,0
1460,0,1,4645.62,0.0,348,50.77794,6.07048,209.9,164,0
1461,0,1,4645.62,0.0,348,50.77794,6.07048,209.9,164,0
1462,0,1,4645.62,0.0,348,50.77794,6.07048,209.9,164,0
1463,0,1,4645.62,0.0,348,50.77794,6.07048,209.9,161,0
1464,0,1,4645.62,0.0,348,50.77794,6.07048,209.9,160,0
1465,0,1,4645.62,0.0,348,50.77794,6.07048,209.9,160,0
1466,0,1,4645.62,0.0,348,50.77794,6.070481,209.9,160,0
1467,0,1,4645.62,0.0,348,50.777941,6.070481,209.9,160,0
1468,0,1,4645.62,1.12,348,50.777944,6.070481,209.9,160,2
1469,0,1,4645.62,1.18,348,50.777952,6.070479,209.8,160,1
1470,0,1,4647.29,1.32,348,50.777966,6.070477,209.6,159,3
1471,0,1,4649.54,1.53,348,50.777985,6.070474,209.4,158,1
1472,0,1,4651.95,1.68,348,50.778006,6.07047,209.2,157,1
1473,0,1,4651.95,1.84,348,50.778029,6.070467,208.9,156,2
1474,0,1,4654.44,1.98,348,50.778053,6.070463,208.7,156,3
1475,0,1,4658.25,2.12,348,50.778077,6.070459,208.4,156,2
1476,0,1,4661.07,2.21,349,50.778101,6.070456,208.1,156,1
1477,0,1,4664.02,2.31,349,50.778125,6.070451,207.8,155,2
1478,0,1,4666.75,2.38,349,50.77815,6.070447,207.6,155,2
1479,0,1,4669.36,2.45,349,50.778174,6.070441,207.3,155,1
1480,0,1,4672.02,2.51,349,50.778198,6.070436,207.0,155,2
1481,0,1,4674.58,2.55,350,50.778221,6.070429,206.8,155,1
1482,0,1,4677.03,2.57,350,50.778244,6.070422,206.5,155,2
1483,0,1,4679.37,2.57,350,50.778267,6.070415,206.3,155,2
1484,0,1,4681.66,2.57,350,50.77829,6.070407,206.0,155,2
1485,0,1,4684.15,2.63,350,50.778312,6.070399,205.8,155,1
1486,0,1,4686.91,2.7,351,50.778335,6.07039,205.5,155,2
1487,0,1,4689.68,2.73,351,50.778357,6.070382,205.5,155,0
1488,0,1,4692.34,2.73,351,50.778379,6.070373,205.4,155,1
1489,0,1,4694.97,2.73,351,50.778401,6.070364,205.4,155,1
1490,0,1,4697.54,2.73,351,50.778424,6.070354,205.3,155,0
1491,0,1,4700.04,2.73,352,50.778446,6.070345,205.2,155,1
1492,0,1,4702.54,2.73,352,50.778468,6.070335,205.2,155,3
1493,0,1,4704.98,2.73,352,50.77849,6.070325,205.1,155,3
1494,0,1,4707.62,2.73,352,50.778512,6.070315,205.1,155,3
1495,0,1,4710.26,2.73,352,50.778534,6.070305,205.0,155,2
1496,0,1,4712.82,2.73,353,50.778557,6.070294,204.9,155,3
1497,0,1,4715.38,2.73,353,50.778579,6.070284,204.9,155,2
1498,0,1,4718.08,2.73,353,50.778602,6.070273,204.8,155,3
1499,0,1,4720.8,2.73,353,50.778625,6.070263,204.7,155,3
1500,0,1,4723.31,2.73,353,50.778647,6.070252,204.7,154,3
1501,0,1,4725.83,2.73,354,50.77867,6.070241,204.6,153,2
1502,0,1,4728.45,2.73,354,50.778694,6.07023,204.5,153,3
1503,0,1,4731.22,2.73,354,50.778717,6.070219,204.5,153,3
1504,0,1,4733.98,2.72,354,50.77874,6.070208,204.4,153,2
1505,0,1,4736.81,2.72,355,50.778764,6.070197,204.3,153,3
1506,0,1,4739.67,2.72,355,50.778787,6.070186,204.3,153,3
1507,0,1,4742.46,2.72,355,50.778811,6.070175,204.2,152,2
1508,0,1,4745.18,2.72,355,50.778835,6.070164,204.1,152,3
1509,0,1,4748.0,2.72,355,50.778859,6.070153,204.0,152,2
1510,0,1,4750.76,2.72,356,50.778882,6.070141,204.0,152,3
1511,0,1,4750.76,2.72,356,50.778906,6.07013,203.9,152,3
1512,0,1,4750.76,2.72,356,50.77893,6.070119,203.8,155,3
1513,0,1,4753.66,2.72,356,50.778954,6.070107,203.7,157,2
1514,0,1,4755.95,2.72,356,50.778977,6.070095,203.7,157,3
1515,0,1,4758.69,2.72,357,50.779001,6.070083,203.6,158,2
1516,0,1,4761.65,2.72,357,50.779024,6.070069,203.5,158,2
1517,0,1,4764.19,2.72,357,50.779047,6.070054,203.4,158,0
1518,0,1,4767.26,2.71,357,50.77907,6.070037,203.3,158,3
1519,0,1,4770.41,2.71,357,50.779092,6.070018,203.3,158,2
1520,0,1,4772.39,2.71,358,50.779113,6.069996,203.2,158,3
1521,0,1,4775.45,2.71,358,50.779133,6.069972,203.3,158,2
1522,0,1,4778.48,2.71,358,50.779153,6.069946,203.3,160,1
1523,0,1,4780.9,2.71,358,50.779171,6.069918,203.4,160,3
1524,0,1,4783.86,2.71,359,50.779188,6.069888,203.4,160,3
1525,0,1,4786.74,2.71,359,50.779204,6.069857,203.4,160,3
1526,0,1,4789.41,2.71,359,50.779218,6.069825,203.5,160,2
1527,0,1,4792.42,2.71,359,50.77923,6.069791,203.6,160,3
1528,0,1,4795.18,2.71,359,50.77924,6.069757,203.6,159,3
1529,0,1,4797.71,2.71,360,50.779248,6.069721,203.8,159,2
1530,0,1,4800.48,2.71,360,50.779255,6.069684,203.9,156,3
1531,0,1,4803.23,2.71,360,50.77926,6.069647,204.0,156,3
1532,0,1,4805.96,2.71,360,50.779263,6.069608,204.1,155,3
1533,0,1,4813.24,2.71,360,50.779264,6.069569,204.3,153,2
1534,0,1,4816.92,2.71,361,50.779263,6.069529,204.5,151,3
1535,0,1,4819.72,2.71,361,50.779262,6.06949,204.7,152,3
1536,0,1,4822.55,2.71,361,50.779258,6.069451,204.9,153,2
1537,0,1,4825.41,2.71,361,50.779254,6.069413,205.1,153,3
1538,0,1,4828.2,2.71,361,50.779249,6.069376,205.3,153,2
1539,0,1,4830.97,2.71,362,50.779244,6.069341,205.5,153,3
1540,0,1,4833.69,2.71,362,50.779237,6.069308,205.7,153,2
1541,0,1,4836.25,2.71,362,50.77923,6.069276,205.9,153,3
1542,0,1,4838.68,2.71,362,50.779222,6.069245,206.1,153,3
1543,0,1,4841.05,2.71,363,50.779212,6.069215,206.3,153,2
1544,0,1,4843.1,2.71,363,50.779202,6.069186,206.6,153,3
1545,0,1,4844.85,2.71,363,50.779189,6.069157,206.8,153,3
1546,0,1,4846.93,2.71,363,50.779176,6.069128,207.1,153,2
1547,0,1,4849.0,2.71,363,50.779161,6.0691,207.4,153,3
1548,0,1,4851.31,2.71,364,50.779145,6.069074,207.6,152,3
1549,0,1,4854.11,2.7,364,50.779128,6.069049,207.9,152,2
1550,0,1,4856.93,2.7,364,50.77911,6.069027,208.1,152,3
1551,0,1,4859.75,2.7,364,50.779092,6.069008,208.3,152,3
1552,0,1,4862.77,2.7,364,50.779073,6.068993,208.6,152,2
1553,0,1,4865.34,2.7,365,50.779054,6.068983,208.8,152,2
1554,0,1,4867.57,2.7,365,50.779035,6.068976,208.9,152,3
1555,0,1,4869.69,2.7,365,50.779015,6.068971,209.1,152,2
1556,0,1,4871.57,2.7,365,50.778994,6.068968,209.3,152,3
1557,0,1,4873.53,2.69,365,50.778972,6.068967,209.5,151,3
1558,0,1,4876.08,2.69,366,50.778949,6.068967,209.7,151,3
1559,0,1,4878.83,2.69,366,50.778926,6.068969,209.8,151,2
1560,0,1,4881.54,2.69,366,50.778902,6.068975,210.0,150,3
1561,0,1,4884.42,2.69,366,50.778877,6.068984,210.1,150,3
1562,0,1,4887.44,2.68,367,50.778852,6.068995,210.2,150,3
1563,0,1,4890.45,2.68,367,50.778827,6.069008,210.4,150,2
1564,0,1,4893.43,2.68,367,50.778802,6.069022,210.5,150,3
1565,0,1,4896.3,2.68,367,50.778776,6.069036,210.6,150,3
1566,0,1,4898.99,2.68,367,50.778751,6.069051,210.7,151,2
1567,0,1,4901.74,2.68,368,50.778725,6.069065,210.8,151,3
1568,0,1,4904.6,2.68,368,50.7787,6.069078,210.9,151,3
1569,0,1,4907.73,2.68,368,50.778674,6.069092,211.0,151,2
1570,0,1,4911.01,2.68,368,50.778648,6.069105,211.1,151,3
1571,0,1,4914.05,2.69,368,50.778623,6.069119,211.2,151,3
1572,0,1,4917.05,2.69,369,50.778597,6.069132,211.3,151,3
1573,0,1,4920.05,2.69,369,50.778571,6.069144,211.4,152,2
1574,0,1,4922.98,2.69,369,50.778546,6.069157,211.5,153,3
1575,0,1,4925.97,2.69,369,50.77852,6.06917,211.6,154,3
1576,0,1,4928.98,2.69,369,50.778494,6.069182,211.7,154,3
1577,0,1,4931.86,2.69,370,50.778468,6.069195,211.8,154,2
1578,0,1,4934.95,2.69,370,50.778442,6.069208,211.9,153,3
1579,0,1,4937.96,2.69,370,50.778416,6.069221,212.0,154,3
1580,0,1,4941.16,2.69,370,50.77839,6.069235,212.0,156,3
1581,0,1,4944.4,2.69,371,50.778363,6.069248,212.1,156,2
1582,0,1,4947.42,2.69,371,50.778337,6.06926,212.2,156,3
1583,0,1,4950.45,2.69,371,50.778311,6.069273,212.3,156,3
1584,0,1,4953.67,2.7,371,50.778284,6.069285,212.5,156,3
1585,0,1,4953.67,2.7,371,50.778258,6.069295,212.7,156,3
1586,0,1,4953.67,2.7,372,50.778231,6.069305,212.8,156,2
1587,0,1,4956.82,2.7,372,50.778205,6.069315,213.0,156,3
1588,0,1,4959.5,2.7,372,50.778179,6.069325,213.2,157,3
1589,0,1,4962.58,2.71,372,50.778153,6.069336,213.4,157,3
1590,0,1,4965.86,2.71,372,50.778128,6.069348,213.5,158,2
1591,0,1,4968.61,2.71,373,50.778104,6.069362,213.6,158,3
1592,0,1,4971.58,2.71,373,50.77808,6.069379,213.7,158,3
1593,0,1,4974.64,2.71,373,50.778058,6.069399,213.8,158,3
1594,0,1,4977.73,2.71,373,50.778036,6.06942,213.8,158,3
1595,0,1,4980.79,2.71,373,50.778016,6.069444,213.8,158,2
1596,0,1,4984.0,2.71,374,50.777995,6.06947,213.8,155,4
1597,0,1,4986.01,2.71,374,50.777976,6.069497,213.8,153,2
1598,0,1,4989.23,2.71,374,50.777957,6.069526,213.8,153,3
1599,0,1,4992.37,2.71,374,50.777939,6.069556,213.7,152,3
1600,0,1,4994.69,2.71,375,50.777922,6.069587,213.7,152,2
1601,0,1,4997.87,2.72,375,50.777906,6.069619,213.6,152,3
1602,0,1,5000.94,2.72,375,50.777891,6.069653,213.5,152,3
1603,0,1,5003.44,2.72,375,50.777878,6.069688,213.3,151,2
1604,0,1,5006.55,2.72,375,50.777867,6.069724,213.2,151,3
1605,0,1,5009.67,2.72,376,50.777858,6.069762,213.0,151,3
1606,0,1,5011.92,2.72,376,50.777851,6.069801,212.7,151,3
1607,0,1,5019.54,2.72,376,50.777847,6.06984,212.5,151,2
1608,0,1,5023.27,2.73,376,50.777845,6.069881,212.2,151,3
1609,0,1,5026.21,2.73,376,50.777846,6.069921,211.9,150,3
1610,0,1,5029.17,2.73,377,50.777848,6.069962,211.5,151,3
1611,0,1,5032.02,2.73,377,50.777853,6.070003,211.2,151,2
1612,0,1,5034.9,2.73,377,50.77786,6.070043,211.1,151,3
1613,0,1,5037.75,2.73,377,50.777868,6.070082,211.0,151,3
1614,0,1,5040.64,2.73,377,50.777879,6.070121,210.8,151,3
1615,0,1,5043.6,2.74,378,50.777891,6.070158,210.7,151,3
1616,0,1,5046.5,2.74,378,50.777905,6.070193,210.5,151,2
1617,0,1,5049.51,2.74,378,50.777921,6.070226,210.3,151,3
1618,0,1,5052.59,2.74,378,50.777938,6.070257,210.1,151,3
1619,0,1,5055.52,2.74,379,50.777957,6.070286,209.9,152,3
1620,0,1,5058.3,2.74,379,50.777977,6.070311,209.6,152,2
1621,0,1,5061.08,2.74,379,50.777999,6.070335,209.4,152,3
1622,0,1,5063.92,2.75,379,50.778021,6.070356,209.1,152,3
1623,0,1,5066.8,2.75,379,50.778044,6.070374,208.8,152,3
1624,0,1,5069.72,2.75,380,50.778067,6.07039,208.6,152,2
1625,0,1,5072.63,2.75,380,50.778091,6.070403,208.3,151,3
1626,0,1,5075.48,2.75,380,50.778116,6.070413,208.0,151,3
1627,0,1,5078.12,2.75,380,50.77814,6.070421,207.7,150,3
1628,0,1,5080.88,2.75,380,50.778165,6.070427,207.4,150,2
1629,0,1,5083.66,2.75,381,50.77819,6.07043,207.1,150,3
1630,0,1,5086.41,2.75,381,50.778214,6.07043,206.8,150,3
1631,0,1,5089.29,2.75,381,50.778239,6.070428,206.6,150,3
1632,0,1,5092.29,2.76,381,50.778263,6.070423,206.3,150,2
1633,0,1,5095.24,2.76,382,50.778288,6.070416,206.0,151,3
1634,0,1,5095.24,2.76,382,50.778312,6.070407,205.8,152,3
1635,0,1,5099.52,2.76,382,50.778336,6.070397,205.5,152,3
1636,0,1,5103.34,2.76,382,50.778361,6.070385,205.5,153,2
1637,0,1,5106.13,2.76,382,50.778385,6.070373,205.4,153,3
1638,0,1,5108.81,2.76,383,50.778409,6.070361,205.3,153,3
1639,0,1,5111.48,2.76,383,50.778433,6.070349,205.3,153,2
1640,0,1,5114.17,2.76,383,50.778457,6.070336,205.2,153,3
1641,0,1,5117.02,2.76,383,50.778481,6.070324,205.1,152,3
1642,0,1,5119.83,2.76,383,50.778505,6.070312,205.1,151,3
1643,0,1,5122.56,2.76,384,50.778529,6.0703,205.0,152,2
1644,0,1,5125.39,2.76,384,50.778554,6.070288,205.0,153,3
1645,0,1,5128.24,2.76,384,50.778578,6.070276,204.9,154,3
1646,0,1,5131.03,2.76,384,50.778602,6.070264,204.8,154,3
1647,0,1,5133.93,2.77,384,50.778627,6.070252,204.7,154,2
1648,0,1,5136.79,2.77,385,50.778652,6.07024,204.7,154,3
1649,0,1,5139.72,2.77,385,50.778676,6.070228,204.6,154,3
1650,0,1,5142.68,2.77,385,50.778701,6.070216,204.5,154,3
1651,0,1,5145.6,2.77,385,50.778726,6.070204,204.5,154,3
1652,0,1,5148.51,2.77,386,50.778751,6.070191,204.4,154,3
1653,0,1,5151.45,2.78,386,50.778776,6.070179,204.3,154,2
1654,0,1,5154.45,2.78,386,50.778801,6.070167,204.2,154,3
1655,0,1,5157.38,2.78,386,50.778826,6.070155,204.2,154,3
1656,0,1,5160.23,2.78,386,50.778851,6.070143,204.1,154,2
1657,0,1,5163.12,2.78,387,50.778876,6.070131,204.0,154,3
1658,0,1,5165.93,2.79,387,50.778901,6.07012,203.9,154,3
1659,0,1,5168.68,2.79,387,50.778926,6.070108,203.8,153,2
1660,0,1,5171.47,2.79,387,50.778951,6.070096,203.7,153,3
1661,0,1,5174.21,2.79,387,50.778976,6.070083,203.7,153,3
1662,0,1,5176.99,2.79,388,50.779001,6.07007,203.6,153,2
1663,0,1,5179.87,2.79,388,50.779024,6.070056,203.5,152,3
1664,0,1,5182.71,2.79,388,50.779048,6.07004,203.4,152,4
1665,0,1,5185.58,2.79,388,50.77907,6.070024,203.3,152,2
1666,0,1,5188.48,2.79,388,50.779092,6.070005,203.3,152,3
1667,0,1,5191.4,2.79,389,50.779113,6.069985,203.3,152,2
1668,0,1,5194.37,2.8,389,50.779133,6.069963,203.3,152,4
1669,0,1,5197.26,2.8,389,50.779152,6.069938,203.4,152,2
1670,0,1,5197.26,2.8,389,50.77917,6.06991,203.4,152,3
1671,0,1,5197.26,2.8,390,50.779186,6.06988,203.4,153,2
1672,0,1,5200.37,2.8,390,50.779201,6.069847,203.5,152,4
1673,0,1,5202.5,2.8,390,50.779215,6.069811,203.6,152,1
1674,0,1,5205.49,2.8,390,50.779226,6.069773,203.7,152,4
1675,0,1,5208.55,2.8,390,50.779236,6.069734,203.8,152,2
1676,0,1,5211.01,2.8,391,50.779244,6.069694,203.9,152,3
1677,0,1,5214.03,2.81,391,50.77925,6.069653,204.0,152,3
1678,0,1,5217.05,2.81,391,50.779253,6.069612,204.2,152,2
1679,0,1,5219.64,2.81,391,50.779254,6.069572,204.4,152,4
1680,0,1,5227.22,2.81,391,50.779254,6.069532,204.5,152,2
1681,0,1,5230.94,2.81,392,50.779251,6.069494,204.7,153,3
1682,0,1,5233.79,2.81,392,50.779246,6.069455,205.0,155,2
1683,0,1,5236.68,2.81,392,50.77924,6.069418,205.2,156,3
1684,0,1,5239.56,2.81,392,50.779232,6.069381,205.4,157,3
1685,0,1,5242.38,2.81,392,50.779224,6.069345,205.6,157,3
1686,0,1,5245.11,2.81,393,50.779215,6.06931,205.9,156,2
1687,0,1,5247.83,2.81,393,50.779205,6.069275,206.1,156,3
1688,0,1,5250.5,2.81,393,50.779194,6.069241,206.4,156,2
1689,0,1,5253.04,2.81,393,50.779183,6.069208,206.6,155,4
1690,0,1,5255.55,2.81,394,50.779173,6.069176,206.9,155,2
1691,0,1,5258.03,2.81,394,50.779162,6.069145,207.1,155,3
1692,0,1,5260.49,2.81,394,50.779152,6.069114,207.4,155,2
1693,0,1,5262.86,2.81,394,50.779143,6.069085,207.6,155,3
1694,0,1,5265.25,2.81,394,50.779134,6.069056,207.8,154,2
1695,0,1,5267.57,2.8,395,50.779127,6.069028,208.0,153,3
1696,0,1,5269.76,2.8,395,50.77912,6.069001,208.2,153,3
1697,0,1,5271.78,2.8,395,50.779116,6.068975,208.3,,2
1698,-1,,5271.78,,,,,,,
